gender,year,X1,Y1,Z1,X2,Y2,Z2,X3,Y3,Z3
1.00 ,10.00 ,5.08 ,1.45 ,1.03 ,4.58 ,1.25 ,1.65 ,1.25 ,1.80 ,0.68 
1.00 ,9.00 ,2.92 ,1.75 ,2.06 ,1.10 ,0.95 ,1.21 ,3.79 ,1.11 ,1.98 
1.00 ,9.00 ,1.92 ,0.90 ,1.70 ,4.00 ,0.80 ,0.03 ,5.08 ,0.89 ,0.75 
2.00 ,8.00 ,3.50 ,1.00 ,1.05 ,1.63 ,1.20 ,0.10 ,2.17 ,0.45 ,0.10 
1.00 ,10.50 ,2.76 ,0.65 ,0.93 ,2.50 ,0.30 ,0.10 ,1.00 ,1.75 ,0.00 
1.00 ,9.62 ,1.33 ,0.80 ,1.00 ,3.20 ,1.45 ,1.85 ,3.71 ,1.40 ,1.63 
1.67 ,9.93 ,1.64 ,0.55 ,0.15 ,4.50 ,1.36 ,0.10 ,1.00 ,1.25 ,0.03 
1.23 ,9.38 ,1.29 ,1.00 ,0.96 ,3.10 ,1.10 ,0.83 ,1.04 ,0.30 ,0.03 
1.00 ,9.12 ,1.21 ,1.60 ,0.73 ,3.79 ,1.41 ,1.13 ,2.08 ,0.96 ,1.98 
1.00 ,9.25 ,1.33 ,1.30 ,2.19 ,4.00 ,1.15 ,1.77 ,2.33 ,1.59 ,0.20 
1.00 ,9.00 ,1.08 ,0.25 ,0.30 ,2.25 ,1.00 ,0.10 ,1.12 ,0.65 ,0.00 
1.00 ,9.00 ,3.78 ,1.36 ,2.17 ,4.41 ,1.75 ,2.34 ,4.29 ,1.10 ,2.45 
1.00 ,9.37 ,5.08 ,1.30 ,2.43 ,3.92 ,1.50 ,2.00 ,3.79 ,1.55 ,2.35 
1.00 ,8.61 ,3.00 ,1.00 ,0.43 ,4.13 ,2.20 ,2.15 ,3.09 ,1.75 ,0.98 
1.00 ,9.46 ,3.88 ,1.45 ,2.13 ,5.96 ,1.25 ,0.45 ,3.45 ,1.48 ,0.98 
1.00 ,9.00 ,1.21 ,0.70 ,0.85 ,4.42 ,1.30 ,2.23 ,2.46 ,0.90 ,2.48 
2.00 ,9.09 ,3.29 ,1.37 ,2.10 ,4.67 ,1.00 ,2.28 ,3.79 ,0.90 ,0.30 
1.00 ,9.00 ,3.24 ,0.89 ,1.33 ,3.38 ,1.75 ,2.08 ,3.38 ,1.60 ,2.13 
1.00 ,9.00 ,4.25 ,1.10 ,2.33 ,4.12 ,1.59 ,2.03 ,5.17 ,1.15 ,1.75 
2.00 ,9.00 ,1.38 ,1.35 ,0.68 ,2.49 ,2.10 ,2.10 ,4.06 ,1.40 ,1.93 
1.00 ,10.00 ,4.36 ,1.65 ,2.38 ,4.46 ,1.70 ,2.25 ,3.54 ,1.15 ,1.23 
1.00 ,9.00 ,5.25 ,1.70 ,0.65 ,1.13 ,1.08 ,0.05 ,2.52 ,1.60 ,0.88 
1.00 ,10.00 ,5.11 ,1.89 ,3.03 ,6.42 ,1.55 ,3.55 ,6.58 ,1.63 ,0.65 
1.00 ,9.44 ,1.00 ,0.60 ,1.69 ,4.96 ,1.70 ,2.05 ,5.71 ,1.50 ,2.70 
2.00 ,9.00 ,3.25 ,0.80 ,2.10 ,4.42 ,1.00 ,1.77 ,5.42 ,0.45 ,1.55 
1.00 ,9.00 ,1.71 ,1.10 ,0.65 ,2.17 ,0.70 ,0.55 ,1.50 ,1.20 ,0.20 
1.00 ,10.00 ,3.50 ,1.44 ,2.00 ,4.75 ,1.95 ,1.30 ,4.33 ,0.40 ,0.95 
1.00 ,9.13 ,1.25 ,0.10 ,0.75 ,3.83 ,1.85 ,1.24 ,2.08 ,0.62 ,2.23 
2.00 ,9.00 ,2.13 ,1.20 ,0.83 ,1.83 ,0.90 ,0.18 ,1.92 ,1.60 ,0.21 
1.00 ,10.12 ,1.63 ,0.68 ,0.63 ,1.42 ,1.50 ,1.23 ,1.88 ,0.30 ,2.18 
1.00 ,10.00 ,3.13 ,1.35 ,1.95 ,2.29 ,0.85 ,2.40 ,3.00 ,1.20 ,0.05 
2.00 ,9.00 ,4.87 ,1.45 ,1.88 ,3.25 ,1.25 ,0.40 ,1.83 ,1.55 ,0.48 
1.00 ,10.00 ,1.79 ,0.20 ,0.35 ,4.00 ,0.88 ,0.05 ,3.70 ,0.61 ,0.28 
1.00 ,9.66 ,3.42 ,1.28 ,1.89 ,4.62 ,0.90 ,1.53 ,3.25 ,0.20 ,0.65 
2.00 ,10.46 ,1.46 ,0.30 ,0.25 ,1.25 ,0.20 ,0.08 ,1.00 ,1.05 ,0.00 
2.00 ,8.80 ,3.78 ,0.25 ,1.74 ,1.33 ,1.38 ,0.18 ,1.00 ,0.25 ,0.75 
1.00 ,7.00 ,3.16 ,1.20 ,1.84 ,1.79 ,0.32 ,0.42 ,1.00 ,1.95 ,0.03 
1.00 ,10.00 ,2.25 ,1.95 ,2.07 ,3.49 ,0.80 ,0.13 ,2.83 ,0.50 ,1.48 
1.00 ,10.28 ,1.46 ,1.80 ,0.02 ,6.75 ,0.80 ,0.04 ,1.50 ,1.20 ,0.10 
2.00 ,10.00 ,3.04 ,1.60 ,1.25 ,4.21 ,1.05 ,1.48 ,2.21 ,0.60 ,1.06 
1.00 ,9.40 ,1.38 ,0.40 ,0.15 ,1.08 ,0.85 ,0.33 ,2.25 ,0.90 ,0.33 
1.00 ,10.00 ,4.53 ,1.15 ,0.83 ,4.00 ,1.25 ,0.60 ,3.33 ,0.50 ,0.78 
2.00 ,9.00 ,2.21 ,1.35 ,2.13 ,1.92 ,0.85 ,0.00 ,1.38 ,0.30 ,1.28 
1.00 ,10.38 ,2.75 ,1.55 ,2.08 ,2.83 ,1.50 ,1.78 ,4.13 ,0.70 ,2.20 
2.00 ,9.19 ,6.13 ,2.40 ,2.90 ,4.50 ,1.51 ,1.58 ,2.50 ,1.70 ,0.00 
2.00 ,9.00 ,1.50 ,0.95 ,0.00 ,1.00 ,1.20 ,0.00 ,1.69 ,1.70 ,0.96 
1.00 ,10.00 ,3.33 ,1.65 ,2.40 ,3.71 ,1.42 ,0.18 ,1.08 ,0.95 ,0.75 
1.00 ,10.00 ,3.50 ,0.60 ,0.73 ,1.54 ,0.43 ,1.83 ,1.00 ,1.50 ,0.05 
1.00 ,10.00 ,4.08 ,0.75 ,(0.20),1.13 ,0.60 ,0.00 ,1.25 ,0.45 ,0.05 
1.00 ,9.14 ,2.79 ,0.65 ,0.33 ,4.33 ,1.95 ,0.28 ,5.45 ,1.35 ,2.65 
1.00 ,10.00 ,1.21 ,0.60 ,0.99 ,3.17 ,1.28 ,1.56 ,1.75 ,1.30 ,0.83 
1.00 ,10.00 ,6.79 ,1.20 ,1.68 ,4.17 ,1.65 ,0.20 ,4.96 ,1.05 ,0.00 
1.00 ,9.00 ,3.92 ,2.25 ,3.60 ,2.72 ,2.05 ,1.05 ,1.46 ,2.15 ,1.05 
1.00 ,9.00 ,3.25 ,1.43 ,1.25 ,4.67 ,1.40 ,2.38 ,4.75 ,2.05 ,0.28 
2.00 ,10.00 ,1.29 ,0.85 ,0.00 ,3.75 ,0.25 ,0.00 ,1.58 ,0.95 ,0.00 
1.00 ,9.00 ,1.38 ,0.68 ,1.05 ,1.00 ,1.70 ,2.11 ,1.00 ,1.40 ,0.60 
1.00 ,10.00 ,3.42 ,1.25 ,1.50 ,2.49 ,1.65 ,1.93 ,4.16 ,1.45 ,2.93 
1.00 ,9.00 ,1.00 ,0.23 ,1.50 ,1.92 ,1.10 ,2.00 ,3.00 ,2.30 ,3.60 
1.00 ,10.00 ,1.00 ,1.60 ,0.68 ,2.17 ,0.60 ,0.35 ,1.00 ,0.45 ,0.23 
1.00 ,10.00 ,1.08 ,1.15 ,2.74 ,3.46 ,1.09 ,0.95 ,1.58 ,0.45 ,0.58 
1.00 ,10.00 ,2.67 ,1.60 ,0.25 ,3.92 ,0.90 ,0.31 ,1.00 ,1.00 ,3.58 
1.00 ,9.00 ,2.00 ,1.20 ,1.00 ,3.04 ,1.52 ,1.03 ,4.25 ,1.20 ,2.23 
2.00 ,9.00 ,1.88 ,1.20 ,0.15 ,2.17 ,1.18 ,1.85 ,1.42 ,2.05 ,2.23 
2.00 ,9.00 ,3.13 ,1.20 ,0.20 ,1.00 ,0.70 ,2.67 ,1.00 ,0.15 ,0.00 
1.00 ,10.00 ,1.67 ,1.24 ,0.75 ,1.42 ,0.86 ,2.00 ,1.50 ,0.75 ,0.33 
2.00 ,10.00 ,5.33 ,1.75 ,2.30 ,1.00 ,0.95 ,0.00 ,1.08 ,0.65 ,0.00 
1.00 ,11.00 ,3.81 ,1.20 ,2.00 ,5.84 ,1.29 ,1.03 ,4.13 ,1.60 ,2.98 
2.00 ,9.00 ,2.67 ,1.90 ,2.05 ,1.00 ,2.25 ,0.00 ,1.00 ,0.95 ,0.33 
2.00 ,9.00 ,2.83 ,1.65 ,2.19 ,1.88 ,0.40 ,0.03 ,1.58 ,0.75 ,0.40 
1.00 ,10.00 ,4.04 ,1.55 ,2.43 ,4.58 ,1.85 ,2.00 ,3.33 ,1.30 ,1.75 
1.00 ,11.00 ,4.17 ,1.90 ,2.42 ,3.42 ,1.50 ,0.45 ,1.00 ,2.40 ,4.00 
1.00 ,10.00 ,1.38 ,0.60 ,0.10 ,1.17 ,1.55 ,0.18 ,1.08 ,0.70 ,0.20 
1.00 ,9.00 ,2.76 ,1.30 ,1.96 ,3.88 ,0.85 ,1.45 ,2.13 ,0.95 ,1.48 
1.00 ,9.00 ,3.50 ,1.90 ,3.30 ,4.08 ,1.60 ,2.05 ,1.54 ,0.70 ,0.13 
2.00 ,9.00 ,3.75 ,2.41 ,2.00 ,1.99 ,0.55 ,3.30 ,6.42 ,1.75 ,1.23 
1.00 ,10.00 ,2.50 ,0.60 ,2.59 ,3.58 ,1.70 ,1.22 ,4.29 ,1.50 ,1.48 
1.00 ,9.34 ,3.13 ,1.00 ,2.13 ,3.77 ,1.44 ,1.80 ,4.75 ,1.95 ,3.40 
1.00 ,9.00 ,4.67 ,1.70 ,2.83 ,5.04 ,1.50 ,2.15 ,1.54 ,0.35 ,0.03 
1.00 ,9.00 ,3.76 ,1.75 ,0.61 ,6.63 ,1.70 ,1.10 ,1.25 ,1.30 ,0.40 
2.00 ,10.00 ,1.00 ,0.60 ,0.33 ,4.25 ,0.15 ,0.00 ,0.93 ,0.30 ,0.15 
1.00 ,10.00 ,4.00 ,1.90 ,0.00 ,4.11 ,1.87 ,0.39 ,3.50 ,1.43 ,2.40 
1.00 ,9.00 ,5.58 ,1.20 ,1.73 ,4.67 ,1.90 ,0.10 ,3.33 ,0.90 ,0.28 
1.00 ,10.00 ,3.88 ,1.70 ,2.15 ,3.76 ,1.62 ,1.41 ,2.21 ,1.10 ,1.35 
1.00 ,10.00 ,4.63 ,1.83 ,2.45 ,1.33 ,0.90 ,0.05 ,1.79 ,0.35 ,0.05 
1.00 ,9.00 ,4.61 ,2.22 ,3.50 ,4.44 ,0.35 ,0.07 ,1.67 ,0.24 ,0.10 
1.00 ,11.00 ,2.04 ,1.00 ,0.53 ,4.21 ,0.70 ,0.18 ,1.13 ,0.75 ,0.10 
1.00 ,10.00 ,2.17 ,1.30 ,0.95 ,2.92 ,1.40 ,0.63 ,1.46 ,1.10 ,0.33 
1.00 ,9.00 ,3.00 ,0.65 ,1.00 ,1.75 ,1.20 ,1.03 ,2.92 ,1.15 ,0.60 
1.00 ,10.00 ,2.96 ,1.45 ,1.80 ,4.46 ,1.55 ,2.17 ,2.25 ,1.05 ,1.38 
1.00 ,11.00 ,1.42 ,0.90 ,0.78 ,3.25 ,0.55 ,0.43 ,1.79 ,0.55 ,0.35 
1.00 ,10.00 ,4.17 ,1.51 ,1.75 ,3.46 ,1.35 ,1.53 ,3.92 ,1.75 ,2.28 
1.00 ,10.00 ,5.63 ,1.44 ,0.85 ,5.08 ,2.00 ,0.40 ,4.35 ,1.30 ,0.28 
1.00 ,10.00 ,7.00 ,1.60 ,2.00 ,4.29 ,1.50 ,1.85 ,4.00 ,0.85 ,0.10 
1.00 ,9.00 ,2.25 ,0.80 ,0.33 ,4.00 ,0.50 ,1.35 ,5.50 ,1.30 ,2.23 
1.00 ,10.52 ,3.67 ,1.05 ,1.10 ,3.88 ,1.30 ,1.60 ,3.33 ,1.10 ,0.70 
1.00 ,9.00 ,5.29 ,2.05 ,2.96 ,5.29 ,1.70 ,2.83 ,5.21 ,2.30 ,2.00 
1.00 ,10.00 ,1.00 ,0.60 ,0.20 ,2.25 ,0.85 ,0.10 ,2.75 ,0.90 ,0.50 
1.00 ,9.00 ,1.33 ,0.70 ,0.40 ,1.33 ,1.35 ,1.05 ,1.42 ,1.70 ,0.80 
1.00 ,9.00 ,1.08 ,1.10 ,0.78 ,3.08 ,1.25 ,1.18 ,2.58 ,0.90 ,0.45 
0.72 ,11.00 ,5.11 ,0.70 ,0.00 ,5.33 ,1.35 ,0.25 ,1.79 ,0.85 ,0.20 
1.00 ,10.00 ,1.63 ,0.80 ,0.35 ,1.42 ,0.60 ,0.20 ,1.42 ,0.55 ,0.23 
1.43 ,10.00 ,4.42 ,1.61 ,1.60 ,5.04 ,1.80 ,1.93 ,1.33 ,1.40 ,0.30 
1.00 ,10.00 ,6.13 ,1.52 ,4.00 ,4.75 ,1.16 ,1.35 ,6.00 ,0.65 ,2.65 
1.00 ,11.00 ,1.21 ,1.40 ,0.23 ,3.46 ,0.96 ,0.00 ,2.71 ,2.25 ,0.00 
1.00 ,9.57 ,4.33 ,1.63 ,0.58 ,1.00 ,0.60 ,0.00 ,1.00 ,0.70 ,0.10 
1.00 ,10.00 ,3.29 ,1.40 ,1.63 ,3.00 ,1.20 ,0.88 ,1.79 ,0.90 ,0.98 
1.00 ,10.00 ,3.83 ,1.25 ,2.15 ,5.60 ,1.66 ,2.25 ,2.63 ,1.25 ,0.18 
1.00 ,10.00 ,2.58 ,1.65 ,0.53 ,4.79 ,1.30 ,0.28 ,3.56 ,1.55 ,0.00 
1.39 ,10.05 ,1.00 ,1.00 ,0.53 ,1.42 ,0.75 ,0.00 ,1.17 ,0.45 ,0.10 
1.27 ,9.64 ,1.04 ,1.45 ,1.20 ,1.00 ,0.62 ,0.33 ,1.00 ,0.80 ,0.08 
1.00 ,9.00 ,1.42 ,1.15 ,0.18 ,6.98 ,0.60 ,0.15 ,1.25 ,0.25 ,0.40 
1.00 ,10.00 ,3.17 ,0.85 ,0.08 ,4.08 ,1.49 ,0.05 ,1.58 ,0.30 ,0.15 
1.00 ,10.00 ,4.83 ,1.20 ,1.78 ,3.38 ,1.30 ,0.00 ,3.13 ,0.40 ,0.71 
2.00 ,9.00 ,3.79 ,1.88 ,1.61 ,4.46 ,1.62 ,2.15 ,2.50 ,1.50 ,1.60 
1.00 ,9.00 ,2.04 ,1.70 ,0.48 ,6.58 ,1.45 ,0.60 ,1.50 ,0.95 ,0.10 
1.00 ,9.48 ,5.08 ,1.32 ,1.78 ,5.13 ,1.68 ,0.57 ,4.13 ,0.75 ,0.30 
1.00 ,10.00 ,4.21 ,1.85 ,2.38 ,3.54 ,0.60 ,0.25 ,1.29 ,0.85 ,0.15 
2.00 ,9.00 ,7.00 ,1.80 ,1.20 ,1.00 ,0.45 ,0.25 ,1.01 ,0.40 ,0.30 
2.00 ,10.00 ,2.21 ,1.60 ,2.21 ,4.46 ,1.60 ,2.13 ,4.39 ,2.20 ,0.55 
1.00 ,10.00 ,1.00 ,0.90 ,0.50 ,1.00 ,0.50 ,0.08 ,1.00 ,0.05 ,0.10 
1.00 ,9.00 ,4.08 ,1.60 ,3.20 ,3.29 ,0.56 ,0.12 ,2.38 ,0.40 ,0.20 
2.00 ,9.00 ,2.25 ,2.19 ,1.33 ,4.50 ,1.85 ,1.99 ,4.42 ,2.00 ,1.43 
1.00 ,9.00 ,2.67 ,0.95 ,0.95 ,4.04 ,1.10 ,0.10 ,1.75 ,1.16 ,0.00 
1.00 ,10.00 ,5.63 ,1.35 ,0.93 ,1.25 ,1.05 ,0.45 ,1.17 ,0.85 ,0.03 
1.00 ,10.00 ,3.58 ,0.95 ,0.80 ,4.21 ,0.25 ,0.28 ,1.08 ,1.20 ,0.13 
1.00 ,9.31 ,1.08 ,1.49 ,1.57 ,1.25 ,1.30 ,0.33 ,1.00 ,1.45 ,0.85 
2.00 ,9.00 ,1.54 ,1.65 ,2.45 ,4.00 ,1.85 ,2.64 ,2.00 ,1.10 ,1.55 
1.00 ,9.00 ,3.71 ,1.00 ,1.83 ,5.22 ,1.75 ,3.00 ,4.77 ,1.80 ,1.62 
1.00 ,10.00 ,1.04 ,0.05 ,1.00 ,1.00 ,1.70 ,0.28 ,1.21 ,0.50 ,0.70 
1.00 ,9.00 ,3.38 ,1.45 ,1.23 ,1.25 ,1.30 ,0.03 ,2.71 ,0.35 ,0.55 
1.00 ,9.00 ,2.42 ,1.65 ,0.55 ,6.00 ,1.49 ,3.20 ,4.21 ,0.60 ,2.48 
1.00 ,11.00 ,2.50 ,1.05 ,1.25 ,4.00 ,0.41 ,2.00 ,5.25 ,0.55 ,2.10 
0.50 ,9.00 ,5.83 ,1.65 ,2.53 ,4.46 ,1.55 ,2.98 ,5.29 ,1.65 ,2.15 
1.00 ,9.00 ,2.41 ,0.95 ,2.28 ,5.21 ,1.25 ,2.70 ,6.13 ,1.85 ,2.75 
1.00 ,9.00 ,1.21 ,0.40 ,0.60 ,4.00 ,1.25 ,1.85 ,4.75 ,0.82 ,0.93 
1.00 ,9.41 ,7.00 ,2.04 ,1.30 ,4.75 ,2.25 ,1.09 ,5.43 ,0.40 ,0.33 
2.00 ,9.00 ,1.13 ,1.10 ,0.55 ,1.00 ,1.10 ,0.28 ,1.58 ,1.35 ,1.08 
2.00 ,10.00 ,1.50 ,1.40 ,1.49 ,2.62 ,1.86 ,0.50 ,1.33 ,1.20 ,1.80 
2.00 ,8.00 ,3.71 ,1.12 ,1.30 ,4.00 ,1.25 ,2.05 ,3.92 ,1.40 ,1.79 
1.00 ,9.09 ,2.17 ,1.00 ,0.73 ,2.88 ,0.70 ,0.18 ,4.75 ,0.35 ,0.68 
2.00 ,9.00 ,5.63 ,1.34 ,1.03 ,4.75 ,2.10 ,0.00 ,4.22 ,0.75 ,0.51 
1.00 ,10.00 ,1.75 ,0.90 ,0.58 ,1.73 ,1.55 ,0.00 ,6.83 ,0.75 ,0.53 
2.00 ,10.86 ,2.33 ,1.00 ,1.68 ,4.92 ,1.82 ,2.78 ,4.54 ,0.95 ,1.83 
1.00 ,8.00 ,2.92 ,1.15 ,0.93 ,1.40 ,1.16 ,1.93 ,1.00 ,0.60 ,(0.14)
2.00 ,9.00 ,5.89 ,2.09 ,1.54 ,3.96 ,1.70 ,1.68 ,4.33 ,0.85 ,1.18 
1.00 ,9.00 ,6.75 ,1.16 ,0.40 ,1.79 ,1.20 ,0.20 ,2.42 ,0.60 ,0.40 
2.00 ,9.00 ,1.71 ,1.75 ,0.70 ,1.63 ,1.00 ,0.73 ,4.17 ,0.55 ,0.43 
1.00 ,9.00 ,5.50 ,1.41 ,1.00 ,4.20 ,0.35 ,0.43 ,5.21 ,0.65 ,1.18 
1.00 ,8.00 ,1.21 ,1.40 ,0.90 ,4.81 ,1.03 ,2.90 ,5.83 ,1.30 ,2.42 
1.00 ,10.89 ,4.67 ,1.31 ,1.55 ,6.28 ,1.98 ,2.11 ,5.00 ,1.47 ,2.60 
2.00 ,9.93 ,1.17 ,0.65 ,1.08 ,1.00 ,0.55 ,0.78 ,1.25 ,0.40 ,0.43 
1.00 ,8.96 ,2.08 ,0.45 ,0.90 ,1.33 ,0.85 ,0.00 ,1.08 ,0.45 ,0.40 
1.00 ,8.00 ,2.17 ,0.98 ,1.09 ,2.54 ,1.35 ,0.28 ,3.08 ,0.25 ,1.20 
1.00 ,10.00 ,2.25 ,1.30 ,1.33 ,3.54 ,1.63 ,2.35 ,3.66 ,1.35 ,1.98 
1.00 ,9.00 ,3.79 ,1.17 ,1.45 ,5.17 ,1.46 ,2.00 ,3.83 ,1.50 ,2.08 
1.00 ,9.00 ,6.92 ,1.51 ,1.93 ,5.29 ,2.20 ,1.55 ,5.38 ,1.16 ,1.23 
1.00 ,9.00 ,6.83 ,1.29 ,0.85 ,6.50 ,2.00 ,3.48 ,3.88 ,1.15 ,2.80 
2.00 ,8.00 ,4.96 ,1.63 ,1.98 ,2.51 ,1.45 ,1.73 ,2.00 ,0.95 ,1.68 
2.00 ,8.00 ,1.08 ,1.15 ,1.03 ,1.50 ,1.10 ,0.08 ,3.06 ,1.40 ,1.56 
1.00 ,8.71 ,4.29 ,1.45 ,2.36 ,5.17 ,1.11 ,1.96 ,4.50 ,1.60 ,2.08 
1.00 ,10.02 ,3.96 ,1.41 ,1.38 ,4.30 ,2.16 ,2.35 ,2.96 ,0.85 ,0.18 
2.00 ,8.00 ,3.08 ,0.86 ,1.20 ,2.25 ,0.75 ,0.60 ,3.79 ,0.80 ,0.78 
1.00 ,10.00 ,3.42 ,1.15 ,1.58 ,5.13 ,1.55 ,2.35 ,4.79 ,1.20 ,2.53 
1.00 ,9.00 ,6.46 ,1.75 ,1.63 ,4.18 ,1.70 ,1.62 ,4.17 ,1.10 ,2.03 
1.00 ,9.00 ,1.58 ,0.95 ,1.33 ,1.25 ,0.60 ,0.23 ,1.71 ,1.10 ,0.75 
1.00 ,9.00 ,1.08 ,1.12 ,0.60 ,2.29 ,2.18 ,0.03 ,1.29 ,1.20 ,0.58 
1.00 ,9.81 ,2.33 ,0.30 ,0.15 ,7.00 ,0.40 ,0.00 ,1.50 ,0.89 ,0.20 
2.00 ,11.00 ,1.63 ,1.30 ,0.55 ,1.38 ,0.95 ,0.15 ,2.25 ,0.44 ,0.77 
1.00 ,11.00 ,1.54 ,1.00 ,0.28 ,4.50 ,0.95 ,0.00 ,2.00 ,1.03 ,0.43 
1.00 ,10.00 ,2.92 ,1.85 ,1.78 ,1.25 ,0.75 ,0.15 ,1.04 ,1.13 ,0.23 
2.00 ,10.00 ,1.50 ,1.80 ,1.33 ,1.50 ,1.45 ,0.00 ,1.00 ,0.52 ,0.93 
2.00 ,9.00 ,3.13 ,2.10 ,1.38 ,1.42 ,1.15 ,0.10 ,3.83 ,0.87 ,0.13 
2.00 ,10.00 ,2.04 ,0.85 ,0.68 ,2.29 ,1.45 ,0.63 ,1.67 ,0.58 ,0.80 
1.00 ,10.31 ,1.50 ,0.30 ,0.50 ,4.50 ,0.90 ,0.93 ,5.74 ,1.29 ,0.98 
1.00 ,10.04 ,5.88 ,1.85 ,2.89 ,4.04 ,1.49 ,0.15 ,1.25 ,0.84 ,0.30 
2.00 ,11.00 ,1.00 ,1.30 ,0.70 ,1.00 ,0.62 ,0.56 ,1.50 ,0.65 ,0.38 
2.00 ,11.00 ,1.92 ,0.25 ,0.13 ,2.50 ,0.60 ,0.10 ,7.00 ,0.82 ,0.00 
2.00 ,10.00 ,1.08 ,0.15 ,0.83 ,1.13 ,0.90 ,0.13 ,1.00 ,0.23 ,0.03 
1.00 ,10.00 ,2.21 ,0.20 ,0.20 ,1.00 ,0.55 ,0.35 ,1.00 ,0.35 ,0.00 
2.00 ,10.00 ,1.21 ,0.85 ,1.00 ,1.28 ,0.85 ,0.15 ,1.50 ,0.84 ,0.28 
1.00 ,9.58 ,2.71 ,1.00 ,1.92 ,2.46 ,1.25 ,1.42 ,1.92 ,0.85 ,0.15 
1.00 ,9.00 ,4.50 ,1.30 ,0.80 ,2.46 ,1.15 ,1.90 ,4.25 ,1.05 ,1.58 
2.00 ,10.00 ,2.46 ,0.74 ,1.58 ,1.00 ,0.84 ,0.00 ,4.42 ,1.20 ,0.18 
2.00 ,10.00 ,1.71 ,0.70 ,1.43 ,4.71 ,0.75 ,0.35 ,1.00 ,0.62 ,0.43 
1.00 ,7.00 ,3.13 ,1.45 ,0.98 ,6.63 ,0.90 ,0.23 ,3.88 ,0.84 ,0.08 
1.00 ,10.52 ,3.25 ,0.20 ,0.23 ,2.25 ,0.45 ,0.25 ,3.08 ,0.46 ,0.00 
2.00 ,10.10 ,1.50 ,1.60 ,2.98 ,4.29 ,1.95 ,0.84 ,1.42 ,2.67 ,2.60 
1.00 ,11.00 ,1.25 ,0.35 ,0.33 ,1.00 ,0.45 ,0.05 ,1.00 ,0.24 ,0.20 
2.00 ,9.00 ,1.00 ,0.50 ,0.20 ,6.25 ,0.30 ,0.00 ,1.00 ,0.32 ,0.18 
1.00 ,10.27 ,1.00 ,0.75 ,1.05 ,1.75 ,0.60 ,1.48 ,1.00 ,1.78 ,0.60 
2.00 ,10.00 ,3.14 ,2.22 ,0.68 ,4.67 ,1.99 ,1.10 ,4.92 ,1.43 ,1.78 
2.00 ,7.00 ,1.00 ,1.95 ,2.12 ,1.00 ,1.20 ,0.70 ,1.00 ,1.38 ,0.25 
2.00 ,10.00 ,2.58 ,1.40 ,1.20 ,3.00 ,2.31 ,2.50 ,3.25 ,1.71 ,3.58 
1.00 ,11.00 ,1.00 ,0.45 ,0.25 ,1.00 ,0.35 ,0.15 ,1.00 ,0.42 ,0.08 
1.00 ,10.00 ,1.54 ,1.10 ,1.21 ,1.75 ,1.00 ,0.30 ,1.58 ,0.11 ,0.43 
1.00 ,10.00 ,1.88 ,1.80 ,0.21 ,1.00 ,1.90 ,1.58 ,1.00 ,2.24 ,3.18 
1.00 ,9.25 ,1.04 ,0.40 ,0.95 ,1.04 ,0.60 ,0.00 ,1.08 ,(0.05),0.33 
2.00 ,10.00 ,3.92 ,1.40 ,1.48 ,3.71 ,1.50 ,0.83 ,3.00 ,1.82 ,3.30 
1.00 ,11.00 ,4.79 ,1.66 ,0.88 ,6.92 ,1.32 ,0.13 ,6.42 ,1.40 ,0.68 
1.00 ,9.00 ,1.08 ,0.45 ,0.28 ,1.46 ,0.25 ,0.05 ,1.75 ,0.60 ,0.00 
1.00 ,10.00 ,3.67 ,1.80 ,0.70 ,4.53 ,0.70 ,0.10 ,1.21 ,1.14 ,0.00 
1.00 ,8.00 ,4.42 ,2.40 ,1.70 ,7.00 ,2.07 ,2.80 ,3.96 ,1.24 ,1.80 
1.00 ,10.75 ,5.25 ,1.65 ,1.12 ,3.25 ,0.55 ,0.10 ,5.38 ,0.86 ,2.58 
2.00 ,11.00 ,1.00 ,0.40 ,0.43 ,1.50 ,0.45 ,0.05 ,1.08 ,1.13 ,1.68 
1.00 ,9.00 ,4.79 ,1.40 ,1.90 ,4.20 ,2.40 ,0.17 ,3.75 ,1.57 ,3.15 
1.00 ,8.87 ,1.50 ,0.40 ,0.85 ,1.25 ,0.30 ,0.08 ,1.25 ,(0.11),0.15 
1.00 ,11.00 ,5.79 ,1.80 ,1.23 ,3.58 ,1.55 ,0.00 ,1.42 ,0.32 ,(0.10)
2.00 ,11.00 ,1.33 ,0.50 ,0.43 ,4.22 ,1.65 ,1.43 ,3.63 ,1.63 ,0.20 
2.00 ,11.00 ,2.38 ,0.50 ,1.65 ,1.92 ,0.35 ,0.20 ,1.00 ,(0.03),0.18 
1.00 ,10.00 ,1.25 ,0.30 ,1.46 ,1.00 ,0.45 ,0.00 ,2.00 ,0.53 ,0.50 
1.00 ,10.00 ,4.08 ,1.65 ,0.43 ,3.83 ,1.55 ,0.20 ,2.18 ,0.65 ,0.63 
2.00 ,9.00 ,5.25 ,0.30 ,0.78 ,2.50 ,0.80 ,0.00 ,4.50 ,1.07 ,0.33 
1.00 ,10.00 ,6.04 ,1.74 ,0.27 ,5.25 ,2.40 ,0.00 ,1.25 ,0.85 ,0.44 
1.00 ,10.00 ,4.13 ,0.50 ,0.15 ,3.88 ,0.45 ,0.25 ,1.33 ,0.44 ,0.00 
1.00 ,10.16 ,4.38 ,1.77 ,1.03 ,3.46 ,1.30 ,0.73 ,3.67 ,1.25 ,1.93 
1.00 ,9.00 ,6.33 ,1.70 ,0.55 ,5.83 ,1.95 ,2.95 ,2.33 ,1.10 ,0.90 
1.00 ,10.00 ,1.38 ,0.65 ,0.68 ,1.29 ,0.75 ,0.00 ,1.75 ,0.50 ,0.23 
2.00 ,9.00 ,3.54 ,0.65 ,0.40 ,1.88 ,0.80 ,0.00 ,1.00 ,0.60 ,0.20 
1.00 ,10.00 ,5.46 ,1.80 ,2.72 ,4.04 ,1.50 ,1.92 ,4.13 ,0.50 ,0.97 
1.00 ,9.00 ,1.00 ,0.59 ,0.40 ,1.00 ,0.86 ,0.30 ,1.00 ,1.15 ,0.33 
2.00 ,9.00 ,2.33 ,1.25 ,0.73 ,2.67 ,1.70 ,1.98 ,2.13 ,1.20 ,0.33 
2.00 ,11.00 ,3.88 ,0.95 ,0.30 ,1.67 ,0.60 ,0.18 ,1.29 ,0.55 ,0.13 
2.00 ,10.00 ,5.13 ,0.95 ,0.73 ,1.00 ,1.10 ,0.00 ,1.29 ,0.85 ,0.10 
1.00 ,9.00 ,4.38 ,1.20 ,2.30 ,5.63 ,0.55 ,2.83 ,3.04 ,1.10 ,0.48 
1.00 ,10.00 ,6.25 ,1.10 ,0.20 ,4.17 ,1.17 ,0.40 ,1.00 ,0.90 ,0.00 
2.00 ,9.00 ,1.00 ,1.65 ,0.38 ,1.00 ,1.60 ,0.13 ,1.00 ,1.70 ,0.55 
1.00 ,9.17 ,6.42 ,2.30 ,3.15 ,5.25 ,1.95 ,2.63 ,5.04 ,2.05 ,3.00 
1.00 ,9.22 ,6.58 ,0.90 ,1.03 ,3.50 ,1.55 ,1.98 ,3.38 ,1.85 ,1.90 
1.00 ,10.00 ,2.88 ,1.35 ,0.38 ,1.25 ,1.25 ,0.10 ,1.42 ,1.10 ,0.53 
2.00 ,10.00 ,2.00 ,1.00 ,0.83 ,1.50 ,0.70 ,0.73 ,1.00 ,0.95 ,0.95 
1.00 ,8.00 ,6.17 ,2.03 ,0.25 ,6.00 ,1.80 ,0.70 ,7.00 ,1.50 ,0.30 
1.00 ,9.56 ,3.96 ,0.80 ,0.70 ,2.83 ,0.40 ,0.10 ,1.00 ,0.05 ,0.10 
2.00 ,8.00 ,6.79 ,1.75 ,1.95 ,2.75 ,1.05 ,0.83 ,4.67 ,1.66 ,0.05 
1.00 ,9.71 ,5.13 ,1.89 ,2.76 ,6.25 ,1.80 ,3.44 ,4.35 ,1.85 ,2.40 
2.00 ,9.33 ,3.08 ,0.35 ,0.31 ,2.25 ,0.90 ,0.18 ,1.00 ,0.05 ,0.10 
0.99 ,9.18 ,7.00 ,1.65 ,2.38 ,1.00 ,1.05 ,0.83 ,3.46 ,1.16 ,0.18 
1.00 ,9.00 ,3.46 ,0.53 ,0.55 ,2.29 ,0.70 ,0.13 ,1.58 ,0.55 ,0.10 
1.00 ,10.00 ,2.92 ,0.50 ,0.33 ,1.42 ,1.60 ,0.30 ,1.25 ,0.50 ,0.13 
1.00 ,9.11 ,4.08 ,1.10 ,0.70 ,1.38 ,1.20 ,1.49 ,1.67 ,1.85 ,3.00 
1.00 ,10.00 ,5.63 ,1.54 ,1.14 ,4.92 ,1.41 ,2.28 ,2.96 ,1.20 ,1.19 
1.00 ,10.00 ,1.54 ,0.80 ,0.31 ,1.79 ,0.55 ,0.18 ,1.25 ,0.45 ,0.20 
1.00 ,11.00 ,5.83 ,1.95 ,1.75 ,5.67 ,1.65 ,2.50 ,5.29 ,1.40 ,0.38 
2.00 ,10.00 ,1.46 ,2.10 ,1.13 ,1.92 ,1.25 ,0.30 ,1.67 ,0.85 ,0.43 
1.00 ,9.00 ,1.92 ,1.10 ,1.63 ,1.58 ,1.45 ,3.35 ,2.75 ,2.30 ,2.15 
2.00 ,9.00 ,4.17 ,0.30 ,0.53 ,1.00 ,0.40 ,0.00 ,1.74 ,0.15 ,0.13 
1.00 ,10.00 ,1.92 ,1.35 ,1.13 ,1.00 ,1.08 ,0.00 ,1.08 ,0.65 ,0.15 
1.00 ,11.00 ,1.75 ,0.95 ,0.30 ,1.00 ,0.20 ,0.13 ,1.00 ,0.20 ,0.25 
2.00 ,9.16 ,5.04 ,0.30 ,0.58 ,1.00 ,0.35 ,0.00 ,1.00 ,0.25 ,0.10 
1.00 ,9.37 ,5.79 ,2.05 ,1.98 ,1.25 ,1.44 ,0.08 ,2.54 ,0.85 ,0.33 
2.00 ,9.00 ,4.04 ,1.00 ,1.03 ,3.33 ,1.10 ,1.17 ,3.36 ,1.10 ,1.70 
2.00 ,9.00 ,3.67 ,1.10 ,0.25 ,3.33 ,1.80 ,0.70 ,1.71 ,0.55 ,0.33 
1.00 ,8.83 ,3.00 ,1.60 ,1.55 ,7.00 ,0.90 ,2.90 ,6.50 ,2.10 ,0.50 
1.00 ,10.00 ,4.46 ,1.57 ,2.30 ,1.92 ,1.20 ,0.10 ,2.83 ,0.65 ,0.03 
2.00 ,9.00 ,4.42 ,1.35 ,2.03 ,4.75 ,1.50 ,0.00 ,3.83 ,1.95 ,2.03 
2.00 ,10.00 ,3.08 ,1.40 ,0.03 ,4.08 ,1.84 ,0.08 ,2.96 ,1.75 ,0.40 
1.00 ,9.00 ,4.79 ,0.72 ,0.28 ,1.50 ,0.78 ,0.31 ,1.21 ,0.55 ,1.48 
2.00 ,10.00 ,1.00 ,1.15 ,0.10 ,2.25 ,1.00 ,(0.00),1.33 ,0.55 ,0.38 
1.00 ,10.00 ,1.38 ,1.05 ,0.33 ,2.39 ,1.35 ,0.28 ,2.69 ,1.30 ,0.35 
2.00 ,9.00 ,1.33 ,1.45 ,0.28 ,2.13 ,1.32 ,0.95 ,0.91 ,1.30 ,0.00 
2.00 ,9.00 ,3.03 ,1.55 ,1.16 ,4.46 ,1.71 ,1.00 ,4.28 ,1.08 ,1.45 
1.00 ,11.00 ,1.79 ,0.90 ,0.70 ,4.02 ,1.60 ,0.58 ,3.58 ,0.90 ,1.05 
2.00 ,10.00 ,4.96 ,1.78 ,2.38 ,3.83 ,1.87 ,1.58 ,3.29 ,1.15 ,1.33 
2.00 ,10.00 ,1.79 ,1.44 ,0.95 ,2.17 ,1.80 ,1.16 ,1.48 ,1.10 ,0.97 
1.00 ,9.00 ,3.04 ,1.26 ,0.65 ,3.17 ,1.15 ,1.40 ,3.08 ,1.50 ,0.55 
1.00 ,10.00 ,1.00 ,2.00 ,2.84 ,4.15 ,1.50 ,0.73 ,4.54 ,0.75 ,0.43 
2.00 ,9.00 ,1.21 ,1.11 ,0.25 ,1.00 ,1.10 ,0.65 ,1.00 ,0.65 ,0.18 
1.00 ,9.00 ,3.83 ,1.38 ,2.20 ,1.23 ,0.06 ,0.00 ,1.00 ,0.20 ,0.20 
1.00 ,10.00 ,1.50 ,1.55 ,0.50 ,1.67 ,0.55 ,0.25 ,6.54 ,0.55 ,0.40 
1.00 ,10.00 ,1.42 ,1.20 ,0.38 ,1.33 ,0.40 ,0.05 ,1.00 ,0.40 ,0.13 
1.00 ,10.00 ,4.79 ,1.24 ,1.92 ,6.25 ,2.11 ,3.38 ,5.21 ,1.60 ,0.65 
1.00 ,8.43 ,5.17 ,1.80 ,2.51 ,6.63 ,2.25 ,3.50 ,4.58 ,1.80 ,2.75 
2.00 ,10.00 ,4.50 ,2.07 ,1.98 ,3.63 ,2.01 ,3.33 ,4.43 ,1.70 ,2.40 
1.00 ,11.00 ,2.58 ,1.51 ,1.30 ,4.00 ,1.46 ,1.88 ,7.00 ,1.42 ,1.07 
2.00 ,10.00 ,1.75 ,1.47 ,0.10 ,2.03 ,1.20 ,0.00 ,2.46 ,1.10 ,0.05 
1.00 ,9.00 ,1.08 ,1.05 ,0.03 ,1.08 ,1.00 ,0.03 ,1.58 ,1.05 ,0.30 
2.00 ,10.00 ,1.00 ,0.60 ,0.13 ,1.00 ,0.80 ,0.20 ,1.17 ,1.05 ,0.68 
1.00 ,10.00 ,2.58 ,1.10 ,0.55 ,6.08 ,1.25 ,0.23 ,3.96 ,1.05 ,0.33 
1.00 ,10.00 ,1.00 ,1.50 ,0.00 ,1.64 ,0.45 ,0.00 ,1.58 ,0.70 ,0.00 
1.00 ,9.00 ,2.92 ,0.70 ,0.00 ,5.43 ,0.20 ,0.73 ,6.50 ,0.95 ,0.83 
1.00 ,10.00 ,4.45 ,1.85 ,2.00 ,4.93 ,1.25 ,0.78 ,5.02 ,0.70 ,0.12 
2.00 ,9.00 ,1.21 ,0.60 ,0.33 ,1.04 ,0.60 ,0.83 ,1.46 ,0.80 ,0.58 
1.00 ,10.00 ,6.46 ,2.08 ,1.93 ,6.08 ,2.26 ,0.00 ,5.83 ,0.96 ,0.00 
2.00 ,9.00 ,1.00 ,0.60 ,0.30 ,1.42 ,0.00 ,0.40 ,1.00 ,0.00 ,0.10 
1.00 ,10.00 ,3.82 ,1.80 ,2.60 ,4.67 ,1.65 ,2.78 ,2.76 ,0.73 ,1.58 
2.00 ,9.03 ,4.96 ,1.59 ,2.48 ,3.92 ,1.20 ,1.70 ,6.83 ,0.75 ,0.65 
1.00 ,10.00 ,1.33 ,0.90 ,0.10 ,1.26 ,0.74 ,(0.31),2.54 ,0.65 ,0.58 
1.00 ,10.00 ,3.46 ,1.15 ,0.60 ,1.00 ,0.78 ,0.03 ,2.25 ,1.85 ,0.48 
1.00 ,10.00 ,4.29 ,1.51 ,2.57 ,4.00 ,1.86 ,3.50 ,5.50 ,2.40 ,1.57 
2.00 ,10.00 ,2.54 ,1.40 ,0.00 ,1.00 ,0.73 ,0.00 ,1.21 ,0.70 ,0.08 
1.00 ,11.00 ,5.75 ,1.91 ,3.25 ,5.34 ,2.00 ,2.58 ,5.46 ,1.65 ,3.43 
1.00 ,9.00 ,3.13 ,1.55 ,1.75 ,1.00 ,2.10 ,0.49 ,1.08 ,0.95 ,0.55 
1.00 ,11.00 ,4.79 ,1.50 ,1.60 ,4.00 ,1.30 ,2.78 ,3.46 ,1.00 ,1.80 
2.00 ,9.00 ,1.58 ,1.50 ,0.15 ,1.29 ,1.70 ,0.28 ,1.17 ,2.10 ,1.38 
1.00 ,10.00 ,1.21 ,1.00 ,0.33 ,3.25 ,1.20 ,1.68 ,4.13 ,0.70 ,1.87 
1.00 ,10.00 ,2.92 ,1.95 ,0.28 ,4.28 ,1.43 ,1.91 ,2.79 ,1.40 ,0.08 
1.00 ,10.00 ,3.00 ,1.55 ,0.28 ,3.96 ,1.55 ,1.90 ,3.00 ,2.60 ,0.28 
2.00 ,9.00 ,2.96 ,0.50 ,0.75 ,1.00 ,1.70 ,0.00 ,1.00 ,0.35 ,0.00 
1.00 ,11.00 ,1.25 ,0.82 ,0.65 ,3.58 ,1.00 ,0.93 ,1.63 ,0.90 ,0.45 
1.00 ,10.00 ,2.29 ,1.26 ,0.83 ,2.50 ,1.15 ,0.43 ,1.96 ,1.10 ,0.00 
2.00 ,11.00 ,1.83 ,1.70 ,0.98 ,3.83 ,1.45 ,1.45 ,3.92 ,2.10 ,2.15 
1.00 ,11.00 ,4.63 ,1.85 ,1.99 ,4.96 ,1.60 ,2.56 ,4.04 ,1.56 ,1.83 
2.00 ,10.00 ,3.54 ,0.40 ,0.18 ,1.00 ,0.50 ,0.05 ,1.50 ,0.80 ,0.53 
1.00 ,9.00 ,3.42 ,1.77 ,1.36 ,3.41 ,1.20 ,1.65 ,2.96 ,2.15 ,2.08 
1.00 ,11.00 ,1.50 ,0.65 ,0.15 ,1.00 ,0.50 ,(0.15),1.08 ,0.35 ,0.13 
1.00 ,10.00 ,2.00 ,0.45 ,0.38 ,1.50 ,0.25 ,0.25 ,2.29 ,0.45 ,0.20 
2.00 ,9.00 ,1.92 ,1.55 ,0.50 ,2.67 ,1.85 ,0.63 ,1.17 ,1.30 ,0.20 
2.00 ,10.00 ,1.00 ,1.80 ,0.10 ,1.21 ,1.56 ,0.25 ,3.29 ,1.05 ,0.23 
1.00 ,8.75 ,2.33 ,1.60 ,1.95 ,3.50 ,1.25 ,1.88 ,3.13 ,2.00 ,1.45 
1.00 ,11.00 ,2.04 ,1.05 ,0.28 ,6.21 ,1.55 ,1.08 ,4.00 ,1.40 ,1.88 
2.43 ,9.00 ,6.50 ,2.00 ,0.99 ,4.66 ,1.05 ,0.95 ,2.04 ,1.65 ,1.83 
1.00 ,11.00 ,4.63 ,1.35 ,0.50 ,4.92 ,1.42 ,2.60 ,1.67 ,0.70 ,0.18 
1.00 ,11.00 ,5.25 ,1.92 ,1.93 ,1.93 ,1.90 ,1.00 ,2.75 ,1.10 ,0.70 
1.00 ,11.00 ,3.42 ,1.55 ,1.32 ,2.22 ,1.50 ,2.53 ,1.33 ,1.40 ,1.07 
2.00 ,10.00 ,3.08 ,1.50 ,0.55 ,1.00 ,0.90 ,0.28 ,1.79 ,1.15 ,1.08 
1.00 ,11.00 ,4.29 ,1.45 ,1.67 ,3.18 ,1.05 ,2.10 ,1.18 ,0.65 ,0.10 
1.00 ,9.00 ,1.46 ,1.32 ,0.05 ,2.14 ,0.70 ,0.00 ,1.17 ,0.55 ,0.33 
1.00 ,11.00 ,1.96 ,0.90 ,1.20 ,4.54 ,1.50 ,1.98 ,2.39 ,1.40 ,0.20 
1.00 ,11.00 ,1.33 ,0.95 ,0.48 ,2.21 ,1.25 ,0.68 ,1.00 ,0.98 ,0.90 
1.00 ,10.00 ,2.88 ,1.29 ,1.85 ,4.08 ,1.75 ,2.06 ,4.17 ,1.25 ,1.75 
2.00 ,10.00 ,1.17 ,0.70 ,0.25 ,1.00 ,0.50 ,0.13 ,1.00 ,0.30 ,0.00 
2.00 ,10.00 ,1.83 ,0.68 ,0.00 ,4.04 ,0.55 ,0.00 ,1.00 ,0.45 ,0.15 
1.00 ,10.00 ,1.63 ,0.80 ,0.35 ,1.75 ,0.48 ,0.30 ,2.08 ,0.55 ,1.85 
2.00 ,9.00 ,2.08 ,1.55 ,0.83 ,1.13 ,1.55 ,0.00 ,1.75 ,0.45 ,1.30 
1.00 ,9.00 ,4.38 ,0.90 ,0.33 ,1.91 ,1.30 ,0.13 ,1.83 ,0.70 ,0.12 
1.00 ,10.00 ,1.38 ,1.95 ,0.28 ,1.50 ,0.70 ,0.20 ,1.21 ,1.35 ,0.48 
1.00 ,11.00 ,2.13 ,0.90 ,0.30 ,2.50 ,1.25 ,1.05 ,1.92 ,0.65 ,0.19 
2.00 ,10.00 ,1.79 ,1.45 ,0.03 ,1.58 ,1.09 ,0.15 ,1.00 ,1.98 ,0.75 
2.00 ,9.00 ,4.04 ,0.40 ,0.08 ,1.83 ,0.45 ,0.30 ,1.42 ,0.50 ,0.20 
1.00 ,9.00 ,5.75 ,2.18 ,0.68 ,4.74 ,2.05 ,2.48 ,3.25 ,1.00 ,2.58 
1.00 ,10.00 ,1.88 ,1.81 ,0.40 ,4.07 ,1.70 ,0.49 ,4.08 ,1.45 ,0.18 
2.00 ,9.00 ,5.88 ,1.40 ,0.08 ,4.58 ,1.35 ,1.14 ,1.67 ,1.10 ,0.78 
1.00 ,10.00 ,4.71 ,1.75 ,2.73 ,4.67 ,1.75 ,1.59 ,5.25 ,1.70 ,2.93 
2.00 ,9.13 ,1.46 ,0.87 ,0.52 ,1.08 ,1.35 ,0.13 ,1.29 ,0.50 ,0.63 
1.00 ,8.66 ,3.13 ,1.05 ,2.28 ,2.00 ,0.20 ,0.00 ,1.50 ,1.60 ,0.23 
2.00 ,10.00 ,5.67 ,1.18 ,2.38 ,3.00 ,0.35 ,1.48 ,3.96 ,0.30 ,0.30 
2.00 ,9.00 ,2.83 ,1.80 ,1.60 ,1.00 ,1.45 ,0.33 ,1.33 ,0.15 ,1.41 
2.00 ,9.69 ,1.71 ,1.15 ,0.50 ,1.13 ,0.55 ,0.00 ,1.01 ,0.90 ,0.12 
0.30 ,11.00 ,5.54 ,1.38 ,2.71 ,5.38 ,1.90 ,2.32 ,3.29 ,0.60 ,0.78 
2.00 ,9.91 ,4.25 ,1.35 ,0.30 ,2.75 ,0.30 ,0.00 ,1.08 ,0.52 ,0.25 
2.00 ,9.61 ,1.54 ,0.85 ,0.08 ,1.00 ,0.50 ,0.05 ,1.00 ,0.15 ,0.28 
2.00 ,11.00 ,2.88 ,1.35 ,0.80 ,2.96 ,2.10 ,1.76 ,1.88 ,0.60 ,1.33 
2.00 ,10.00 ,7.00 ,1.40 ,0.40 ,2.00 ,1.20 ,0.10 ,1.67 ,0.17 ,0.28 
1.00 ,9.12 ,1.13 ,0.81 ,0.81 ,1.33 ,0.45 ,0.30 ,1.29 ,0.95 ,0.00 
1.40 ,9.42 ,1.00 ,1.25 ,1.15 ,6.04 ,0.95 ,1.27 ,3.96 ,0.60 ,0.80 
1.00 ,9.47 ,5.17 ,1.53 ,2.88 ,2.75 ,1.40 ,1.92 ,4.19 ,0.75 ,0.15 
1.00 ,8.81 ,2.63 ,1.20 ,0.50 ,1.08 ,0.40 ,0.00 ,1.29 ,0.20 ,0.15 
1.00 ,8.80 ,3.50 ,1.51 ,1.69 ,1.75 ,1.65 ,2.43 ,1.75 ,1.05 ,0.98 
2.00 ,9.72 ,2.75 ,2.30 ,1.85 ,3.31 ,1.80 ,0.00 ,2.83 ,0.60 ,0.00 
1.00 ,8.00 ,5.25 ,1.50 ,1.90 ,5.13 ,1.75 ,2.75 ,1.50 ,1.30 ,2.25 
2.00 ,8.19 ,5.75 ,1.50 ,0.50 ,2.88 ,0.90 ,0.20 ,5.25 ,0.65 ,0.20 
1.00 ,10.08 ,2.63 ,1.44 ,1.69 ,1.25 ,1.98 ,0.05 ,1.38 ,0.95 ,0.75 
1.00 ,9.53 ,6.75 ,1.95 ,3.08 ,3.85 ,2.00 ,2.35 ,1.96 ,0.60 ,0.20 
1.29 ,10.00 ,2.25 ,1.49 ,1.14 ,3.52 ,1.25 ,1.30 ,2.96 ,0.55 ,0.00 
1.00 ,10.00 ,1.04 ,0.30 ,0.60 ,1.00 ,0.15 ,0.00 ,1.00 ,0.10 ,0.05 
1.00 ,9.55 ,4.83 ,1.97 ,1.25 ,5.62 ,1.14 ,0.45 ,3.54 ,0.10 ,1.03 
1.00 ,11.00 ,1.21 ,1.20 ,0.38 ,1.56 ,1.18 ,0.70 ,1.00 ,0.65 ,0.00 
1.00 ,10.00 ,6.75 ,1.08 ,0.38 ,4.25 ,1.30 ,1.30 ,2.25 ,0.45 ,0.31 
1.00 ,9.59 ,2.04 ,1.28 ,0.35 ,4.32 ,1.04 ,0.35 ,1.00 ,0.45 ,0.00 
1.00 ,9.00 ,1.92 ,1.17 ,0.28 ,1.38 ,1.15 ,0.05 ,1.00 ,0.75 ,0.00 
1.00 ,9.00 ,2.58 ,1.95 ,1.58 ,5.58 ,0.80 ,0.10 ,2.17 ,0.55 ,0.20 
1.00 ,8.84 ,5.08 ,1.34 ,2.55 ,5.54 ,2.20 ,3.30 ,2.08 ,0.50 ,0.38 
1.00 ,8.98 ,3.25 ,1.50 ,0.30 ,2.38 ,0.95 ,0.00 ,1.33 ,0.80 ,0.10 
1.00 ,9.56 ,2.50 ,1.11 ,0.00 ,2.22 ,1.25 ,0.00 ,2.00 ,0.60 ,0.05 
1.00 ,9.00 ,6.08 ,1.68 ,0.00 ,2.75 ,1.60 ,1.45 ,4.04 ,0.35 ,0.00 
1.00 ,9.59 ,2.67 ,1.05 ,0.43 ,1.17 ,0.30 ,0.18 ,1.00 ,0.25 ,0.28 
2.00 ,9.28 ,7.00 ,2.25 ,0.23 ,5.33 ,2.22 ,2.84 ,7.00 ,1.10 ,0.00 
2.00 ,9.00 ,3.42 ,1.46 ,1.79 ,6.83 ,1.05 ,0.20 ,3.50 ,0.40 ,0.00 
2.00 ,10.00 ,7.00 ,1.42 ,2.80 ,6.08 ,1.15 ,0.05 ,6.13 ,1.30 ,3.25 
2.00 ,9.79 ,1.00 ,1.80 ,0.00 ,1.75 ,0.30 ,0.00 ,1.00 ,0.00 ,0.00 
1.00 ,11.00 ,5.50 ,2.40 ,0.00 ,1.50 ,1.21 ,0.20 ,1.00 ,1.65 ,0.85 
1.00 ,11.00 ,2.67 ,0.85 ,1.22 ,5.02 ,1.59 ,0.18 ,2.33 ,0.60 ,0.10 
1.39 ,9.20 ,1.00 ,1.20 ,1.15 ,1.17 ,0.50 ,0.15 ,1.13 ,0.25 ,0.15 
1.00 ,9.00 ,2.04 ,2.10 ,0.10 ,1.00 ,0.65 ,0.10 ,1.00 ,0.50 ,0.73 
1.07 ,9.00 ,3.58 ,1.54 ,2.30 ,4.83 ,1.45 ,2.00 ,3.75 ,0.80 ,2.95 
1.00 ,9.00 ,1.79 ,1.09 ,1.36 ,3.29 ,1.55 ,2.03 ,1.58 ,1.05 ,0.75 
1.00 ,10.00 ,3.08 ,1.63 ,1.36 ,5.62 ,2.40 ,2.97 ,6.01 ,1.15 ,0.42 
1.00 ,9.00 ,3.50 ,2.25 ,0.75 ,3.29 ,1.15 ,0.23 ,5.92 ,2.00 ,1.08 
1.00 ,10.00 ,2.46 ,1.45 ,2.05 ,5.25 ,2.00 ,0.25 ,1.42 ,0.60 ,0.00 
2.00 ,9.00 ,1.88 ,1.20 ,1.30 ,1.58 ,2.05 ,2.79 ,3.21 ,1.55 ,2.63 
2.00 ,9.28 ,5.82 ,2.25 ,3.13 ,5.54 ,1.95 ,3.00 ,4.21 ,2.30 ,3.10 
1.00 ,9.00 ,3.13 ,0.85 ,1.75 ,5.94 ,1.31 ,2.53 ,2.50 ,1.10 ,0.83 
1.00 ,9.00 ,4.38 ,1.90 ,0.55 ,4.58 ,1.30 ,0.15 ,5.08 ,0.80 ,0.00 
1.00 ,9.00 ,7.00 ,0.82 ,0.00 ,2.25 ,0.50 ,0.15 ,1.54 ,0.65 ,0.00 
2.00 ,9.00 ,1.50 ,0.80 ,2.17 ,2.79 ,1.65 ,0.25 ,2.38 ,0.35 ,0.20 
1.00 ,9.00 ,6.25 ,2.20 ,2.28 ,3.97 ,1.60 ,2.36 ,4.79 ,1.10 ,2.20 
1.00 ,10.41 ,3.42 ,1.43 ,0.18 ,4.06 ,1.82 ,1.80 ,1.58 ,1.65 ,1.04 
2.00 ,8.54 ,1.67 ,0.65 ,0.00 ,7.00 ,2.40 ,2.08 ,3.08 ,2.00 ,0.51 
1.00 ,10.00 ,3.54 ,2.24 ,0.10 ,1.00 ,2.25 ,0.38 ,1.71 ,0.30 ,0.00 
1.00 ,10.00 ,2.58 ,1.30 ,0.25 ,1.50 ,0.70 ,0.03 ,1.42 ,0.50 ,0.00 
1.00 ,8.00 ,1.25 ,1.40 ,0.10 ,1.08 ,0.50 ,0.30 ,1.00 ,0.70 ,0.13 
2.00 ,9.00 ,4.33 ,1.60 ,0.80 ,5.75 ,1.52 ,0.00 ,1.38 ,0.90 ,0.00 
1.00 ,10.00 ,1.79 ,0.80 ,1.55 ,4.58 ,1.00 ,0.88 ,6.33 ,1.15 ,1.01 
2.00 ,10.00 ,1.92 ,0.70 ,0.00 ,1.08 ,1.25 ,0.00 ,1.50 ,0.85 ,0.00 
1.00 ,9.00 ,3.38 ,0.95 ,0.69 ,1.58 ,0.95 ,0.73 ,1.08 ,0.95 ,0.60 
1.00 ,9.00 ,1.17 ,0.75 ,0.40 ,3.25 ,1.70 ,0.40 ,1.08 ,0.30 ,0.33 
1.00 ,9.00 ,2.54 ,0.95 ,1.75 ,2.00 ,1.05 ,0.20 ,1.00 ,0.40 ,0.83 
1.00 ,10.00 ,1.46 ,0.65 ,0.50 ,2.38 ,0.97 ,0.00 ,1.00 ,0.80 ,0.00 
2.00 ,10.00 ,1.42 ,1.50 ,1.35 ,4.47 ,1.57 ,1.83 ,5.50 ,1.60 ,1.46 
2.00 ,10.00 ,2.29 ,1.20 ,0.95 ,3.96 ,1.45 ,1.60 ,3.83 ,1.55 ,1.58 
1.00 ,9.00 ,2.29 ,0.95 ,0.20 ,1.00 ,0.75 ,0.00 ,1.00 ,1.00 ,0.40 
2.00 ,9.00 ,1.51 ,1.55 ,0.88 ,4.33 ,1.45 ,2.35 ,4.83 ,1.15 ,2.20 
1.00 ,9.00 ,2.92 ,1.41 ,2.09 ,4.34 ,1.20 ,1.82 ,2.08 ,0.78 ,2.13 
2.00 ,9.00 ,4.17 ,1.60 ,0.80 ,3.20 ,1.95 ,1.96 ,4.96 ,1.40 ,1.85 
2.00 ,10.00 ,1.96 ,1.80 ,1.35 ,2.42 ,1.20 ,0.00 ,1.08 ,0.95 ,1.25 
2.00 ,9.00 ,2.96 ,1.65 ,2.20 ,3.33 ,1.66 ,3.70 ,4.21 ,1.75 ,2.25 
2.00 ,10.00 ,1.58 ,0.80 ,0.30 ,1.21 ,1.15 ,0.00 ,1.50 ,1.15 ,0.30 
1.00 ,9.00 ,1.25 ,0.75 ,1.25 ,1.25 ,1.20 ,1.20 ,1.00 ,0.96 ,0.35 
1.00 ,7.00 ,3.08 ,1.17 ,0.33 ,3.38 ,0.40 ,0.18 ,1.05 ,0.25 ,0.80 
1.00 ,9.00 ,2.83 ,1.74 ,1.60 ,5.33 ,1.90 ,2.65 ,2.21 ,0.90 ,0.83 
2.00 ,9.00 ,3.55 ,0.95 ,0.70 ,1.92 ,0.60 ,0.35 ,3.08 ,0.60 ,0.15 
1.00 ,11.00 ,1.25 ,1.70 ,0.03 ,2.50 ,0.15 ,0.03 ,3.79 ,0.70 ,(0.00)
2.00 ,9.00 ,1.58 ,1.75 ,0.73 ,2.21 ,1.80 ,0.00 ,1.67 ,1.50 ,0.10 
1.00 ,9.75 ,1.82 ,1.36 ,1.58 ,1.33 ,0.55 ,0.18 ,1.17 ,1.00 ,0.00 
2.00 ,11.00 ,2.29 ,0.98 ,0.21 ,3.75 ,1.85 ,0.00 ,2.25 ,0.60 ,0.03 
1.00 ,9.00 ,2.84 ,1.15 ,2.18 ,6.75 ,1.84 ,2.75 ,3.96 ,1.20 ,2.51 
2.00 ,10.00 ,4.24 ,1.95 ,0.08 ,1.50 ,0.20 ,0.00 ,3.04 ,0.25 ,0.05 
1.00 ,10.00 ,4.00 ,0.70 ,1.12 ,1.42 ,0.55 ,0.15 ,1.58 ,0.85 ,0.63 
2.00 ,9.00 ,2.46 ,1.90 ,0.94 ,2.42 ,1.80 ,1.13 ,1.46 ,1.10 ,1.05 
1.00 ,11.00 ,5.46 ,1.73 ,1.55 ,2.96 ,0.65 ,0.15 ,1.00 ,0.45 ,0.13 
1.00 ,9.42 ,4.75 ,1.15 ,1.13 ,1.67 ,1.15 ,0.00 ,1.42 ,0.70 ,0.05 
1.00 ,9.25 ,4.29 ,0.60 ,1.33 ,2.63 ,1.65 ,0.80 ,1.25 ,0.75 ,1.95 
1.00 ,9.00 ,3.29 ,0.35 ,1.45 ,1.54 ,0.65 ,0.45 ,1.08 ,0.75 ,0.45 
1.00 ,9.97 ,3.29 ,1.45 ,1.30 ,4.00 ,0.70 ,0.87 ,3.58 ,1.10 ,0.65 
2.00 ,9.28 ,2.50 ,1.30 ,0.33 ,1.08 ,1.05 ,0.20 ,1.04 ,0.65 ,0.60 
1.00 ,10.01 ,1.21 ,1.25 ,1.00 ,1.35 ,2.09 ,0.13 ,1.00 ,0.10 ,0.10 
1.00 ,10.00 ,1.38 ,1.45 ,0.89 ,1.42 ,1.00 ,0.13 ,1.17 ,1.50 ,1.10 
1.00 ,9.00 ,4.29 ,1.30 ,0.30 ,2.46 ,0.65 ,0.10 ,4.08 ,0.60 ,0.10 
1.00 ,9.00 ,1.95 ,1.00 ,0.18 ,1.00 ,0.15 ,0.00 ,1.25 ,0.65 ,0.20 
1.00 ,9.00 ,1.67 ,0.65 ,0.55 ,1.29 ,0.50 ,0.48 ,1.13 ,0.87 ,0.13 
1.00 ,10.00 ,2.08 ,0.90 ,0.58 ,1.13 ,1.05 ,0.90 ,1.46 ,0.43 ,0.31 
1.00 ,9.00 ,2.29 ,1.40 ,1.10 ,1.08 ,0.45 ,0.59 ,1.79 ,0.50 ,0.20 
1.00 ,9.75 ,3.16 ,1.80 ,1.65 ,3.96 ,1.62 ,0.89 ,1.79 ,0.85 ,0.80 
2.00 ,11.00 ,1.42 ,1.50 ,1.23 ,1.42 ,0.60 ,0.53 ,1.29 ,0.97 ,0.23 
1.00 ,10.00 ,4.66 ,1.00 ,0.21 ,3.38 ,1.05 ,0.25 ,1.33 ,0.35 ,0.35 
1.00 ,11.16 ,1.46 ,1.05 ,1.28 ,3.17 ,2.00 ,0.23 ,1.96 ,0.55 ,0.28 
2.00 ,9.00 ,7.00 ,1.01 ,4.00 ,3.21 ,1.30 ,1.81 ,3.00 ,0.40 ,0.90 
2.00 ,10.00 ,1.00 ,1.00 ,1.48 ,1.08 ,0.65 ,0.00 ,1.13 ,0.25 ,0.13 
1.00 ,9.00 ,2.63 ,1.40 ,0.88 ,3.83 ,0.35 ,0.13 ,2.08 ,0.45 ,0.10 
1.00 ,10.00 ,4.54 ,2.40 ,0.45 ,4.04 ,0.85 ,0.00 ,1.13 ,0.25 ,0.08 
1.00 ,10.00 ,1.42 ,1.75 ,0.23 ,1.13 ,0.70 ,0.13 ,1.00 ,0.50 ,(0.30)
1.00 ,10.00 ,1.58 ,0.30 ,0.30 ,2.29 ,1.05 ,0.05 ,1.42 ,0.40 ,0.15 
2.00 ,10.00 ,5.94 ,2.10 ,2.73 ,1.50 ,1.10 ,0.00 ,1.00 ,0.80 ,0.48 
1.00 ,10.00 ,5.29 ,2.15 ,1.35 ,3.84 ,1.39 ,0.95 ,2.42 ,0.45 ,0.63 
2.00 ,10.00 ,1.71 ,1.45 ,0.15 ,1.90 ,0.75 ,0.23 ,1.75 ,1.00 ,0.25 
2.00 ,11.00 ,2.24 ,1.40 ,0.50 ,1.21 ,0.75 ,0.33 ,1.00 ,0.50 ,0.18 
2.00 ,10.00 ,1.75 ,0.20 ,0.05 ,1.54 ,0.70 ,0.28 ,1.08 ,0.35 ,0.05 
2.00 ,10.00 ,2.63 ,1.45 ,0.70 ,1.00 ,1.30 ,0.10 ,1.17 ,1.30 ,0.43 
1.00 ,9.94 ,1.88 ,1.20 ,1.45 ,2.54 ,1.20 ,0.45 ,1.07 ,1.45 ,0.05 
1.00 ,9.00 ,4.08 ,0.90 ,0.80 ,3.58 ,0.85 ,0.15 ,1.63 ,0.60 ,0.23 
2.00 ,10.00 ,2.08 ,1.25 ,0.78 ,1.21 ,0.80 ,0.15 ,1.08 ,0.70 ,0.07 
1.00 ,9.00 ,1.17 ,1.15 ,0.20 ,1.17 ,0.60 ,0.18 ,1.13 ,0.64 ,0.13 
2.00 ,10.00 ,3.03 ,1.80 ,0.43 ,1.96 ,1.55 ,0.30 ,1.33 ,0.95 ,0.30 
2.00 ,9.00 ,6.13 ,1.75 ,0.90 ,3.21 ,0.45 ,0.23 ,1.17 ,0.38 ,0.20 
2.00 ,9.16 ,1.38 ,2.40 ,0.30 ,2.75 ,0.40 ,0.10 ,1.50 ,0.25 ,0.10 
2.00 ,10.00 ,2.13 ,1.35 ,1.20 ,1.42 ,1.25 ,0.33 ,1.38 ,0.85 ,0.43 
1.00 ,11.00 ,1.00 ,1.20 ,1.15 ,2.50 ,1.05 ,0.10 ,1.25 ,0.20 ,0.00 
2.00 ,9.00 ,2.38 ,0.80 ,1.32 ,1.25 ,0.66 ,0.30 ,1.04 ,1.20 ,0.43 
1.00 ,9.00 ,2.27 ,1.20 ,1.45 ,1.63 ,1.10 ,0.00 ,1.25 ,1.45 ,1.57 
1.00 ,9.00 ,4.63 ,1.70 ,1.10 ,4.71 ,1.00 ,0.43 ,4.83 ,0.65 ,0.00 
1.00 ,9.00 ,4.54 ,0.86 ,2.23 ,6.40 ,1.85 ,2.34 ,2.13 ,1.65 ,0.38 
2.00 ,9.00 ,6.29 ,2.05 ,2.30 ,6.58 ,1.80 ,0.43 ,3.63 ,1.30 ,0.18 
2.00 ,10.00 ,2.25 ,1.70 ,1.49 ,2.42 ,1.45 ,1.45 ,3.04 ,1.10 ,0.75 
2.00 ,10.00 ,5.79 ,2.10 ,2.80 ,6.30 ,1.52 ,0.53 ,5.29 ,1.50 ,2.50 
1.00 ,9.00 ,4.97 ,1.47 ,0.53 ,3.06 ,1.35 ,2.07 ,6.46 ,1.80 ,0.28 
2.00 ,10.00 ,1.71 ,1.50 ,0.95 ,1.38 ,0.90 ,0.33 ,1.00 ,1.15 ,0.13 
1.00 ,9.00 ,1.76 ,0.90 ,0.20 ,1.17 ,0.55 ,0.08 ,1.58 ,0.25 ,0.00 
1.00 ,11.00 ,5.79 ,1.25 ,2.05 ,2.25 ,0.15 ,0.00 ,1.00 ,0.50 ,0.10 
1.00 ,11.00 ,2.71 ,0.70 ,0.00 ,4.54 ,0.80 ,0.25 ,1.04 ,0.40 ,0.26 
1.00 ,9.00 ,4.33 ,0.85 ,0.83 ,4.21 ,1.15 ,1.13 ,4.29 ,1.40 ,1.23 
2.00 ,10.00 ,2.42 ,0.25 ,0.15 ,1.19 ,0.30 ,0.60 ,1.00 ,0.50 ,0.23 
2.00 ,9.00 ,4.54 ,1.25 ,1.87 ,2.18 ,1.45 ,0.08 ,4.00 ,2.15 ,2.50 
2.00 ,10.00 ,4.88 ,1.95 ,2.90 ,3.04 ,0.45 ,0.40 ,4.75 ,0.70 ,0.30 
1.00 ,10.00 ,3.50 ,1.35 ,1.58 ,4.92 ,0.85 ,0.43 ,5.00 ,1.25 ,0.63 
1.00 ,9.00 ,3.63 ,1.55 ,1.90 ,3.63 ,1.45 ,1.73 ,3.58 ,1.40 ,0.23 
1.00 ,10.00 ,4.41 ,1.00 ,1.33 ,6.00 ,1.30 ,1.58 ,4.67 ,0.50 ,0.55 
2.00 ,9.00 ,1.83 ,1.45 ,1.05 ,1.47 ,1.30 ,0.70 ,1.50 ,1.45 ,0.93 
1.00 ,9.00 ,2.67 ,1.25 ,0.78 ,2.36 ,1.35 ,0.93 ,2.25 ,1.75 ,0.08 
1.00 ,10.00 ,3.17 ,0.70 ,0.00 ,2.33 ,0.70 ,0.13 ,1.00 ,0.40 ,0.00 
1.00 ,9.00 ,5.75 ,1.35 ,0.20 ,6.88 ,1.00 ,0.15 ,2.00 ,0.65 ,0.00 
1.00 ,9.00 ,3.71 ,0.65 ,1.79 ,2.75 ,1.10 ,0.80 ,2.54 ,0.50 ,0.00 
1.00 ,9.00 ,2.13 ,1.10 ,0.38 ,1.83 ,0.40 ,0.67 ,1.08 ,0.30 ,0.48 
1.00 ,9.00 ,2.33 ,1.05 ,1.05 ,2.25 ,1.23 ,1.21 ,3.33 ,1.10 ,1.75 
1.00 ,9.00 ,2.33 ,1.15 ,0.90 ,4.18 ,1.05 ,1.18 ,2.25 ,1.15 ,0.45 
2.00 ,9.00 ,4.71 ,2.05 ,2.45 ,4.74 ,1.15 ,1.45 ,3.46 ,0.80 ,1.15 
1.00 ,9.00 ,2.17 ,0.45 ,0.40 ,3.92 ,0.65 ,0.70 ,3.58 ,1.85 ,0.43 
2.00 ,9.00 ,1.44 ,0.30 ,0.15 ,1.17 ,0.50 ,0.03 ,1.00 ,0.45 ,(0.41)
1.00 ,10.00 ,2.08 ,0.80 ,0.40 ,2.46 ,0.90 ,0.43 ,2.08 ,0.80 ,0.77 
1.00 ,9.00 ,2.00 ,0.86 ,0.30 ,1.00 ,0.75 ,0.15 ,1.13 ,0.70 ,0.18 
1.48 ,10.41 ,1.00 ,0.85 ,0.08 ,2.25 ,0.90 ,0.20 ,1.00 ,0.66 ,0.65 
2.00 ,10.00 ,1.04 ,0.60 ,0.40 ,2.04 ,1.35 ,0.68 ,2.79 ,1.50 ,0.75 
1.00 ,10.00 ,3.17 ,0.60 ,0.00 ,1.33 ,0.50 ,0.00 ,1.00 ,0.40 ,0.43 
1.00 ,10.00 ,5.53 ,1.62 ,0.94 ,4.49 ,1.35 ,2.05 ,4.63 ,0.45 ,0.60 
2.00 ,10.00 ,1.42 ,0.60 ,0.47 ,1.42 ,1.85 ,1.43 ,1.88 ,0.70 ,1.63 
1.00 ,10.00 ,3.54 ,1.99 ,2.60 ,5.08 ,2.01 ,3.38 ,5.85 ,1.86 ,3.10 
1.00 ,11.00 ,4.39 ,3.30 ,0.83 ,4.79 ,1.60 ,0.50 ,2.88 ,1.20 ,0.60 
1.00 ,10.00 ,1.17 ,0.89 ,0.48 ,1.54 ,0.82 ,0.43 ,1.29 ,1.00 ,0.05 
1.00 ,9.00 ,5.58 ,0.80 ,0.08 ,2.83 ,0.85 ,0.38 ,3.96 ,1.20 ,0.00 
1.00 ,10.00 ,2.33 ,1.50 ,1.00 ,2.00 ,1.45 ,0.15 ,1.33 ,0.80 ,0.13 
1.00 ,10.00 ,4.99 ,1.35 ,1.85 ,5.43 ,1.67 ,0.95 ,5.29 ,2.00 ,0.55 
1.00 ,9.00 ,4.79 ,1.80 ,2.83 ,5.00 ,1.75 ,2.28 ,3.54 ,1.45 ,1.39 
1.00 ,9.00 ,3.99 ,1.95 ,2.10 ,1.00 ,2.15 ,1.35 ,1.00 ,1.90 ,0.48 
1.00 ,9.00 ,4.90 ,1.90 ,1.76 ,4.38 ,1.50 ,1.59 ,4.38 ,1.60 ,0.10 
1.00 ,10.00 ,1.00 ,0.55 ,0.48 ,2.25 ,1.00 ,0.25 ,1.00 ,0.35 ,0.60 
2.00 ,10.00 ,5.42 ,1.05 ,0.90 ,1.86 ,1.20 ,1.20 ,1.00 ,0.45 ,0.10 
1.00 ,9.00 ,4.25 ,1.91 ,2.03 ,2.06 ,1.10 ,1.09 ,3.63 ,1.25 ,1.43 
1.00 ,8.52 ,5.50 ,2.40 ,2.34 ,4.29 ,1.45 ,1.97 ,2.50 ,1.35 ,1.14 
1.00 ,9.00 ,4.00 ,1.30 ,1.70 ,4.25 ,2.05 ,0.30 ,3.42 ,1.65 ,2.10 
2.00 ,9.00 ,1.21 ,0.46 ,0.50 ,1.42 ,0.97 ,0.75 ,1.00 ,1.05 ,0.18 
1.00 ,9.00 ,2.50 ,0.35 ,0.15 ,1.00 ,0.30 ,0.00 ,1.00 ,0.25 ,0.30 
1.00 ,10.00 ,3.00 ,1.25 ,1.17 ,4.00 ,0.80 ,2.00 ,2.67 ,0.95 ,0.53 
1.00 ,9.00 ,4.58 ,0.95 ,1.01 ,1.38 ,0.87 ,0.00 ,1.38 ,0.70 ,0.88 
1.00 ,9.00 ,2.52 ,1.60 ,1.57 ,3.46 ,1.85 ,2.13 ,4.00 ,1.60 ,0.05 
1.00 ,9.90 ,3.50 ,0.90 ,0.38 ,1.00 ,0.59 ,0.10 ,0.58 ,1.40 ,1.53 
1.00 ,9.00 ,2.29 ,1.15 ,0.90 ,1.34 ,0.90 ,0.23 ,1.79 ,1.25 ,0.35 
1.00 ,10.00 ,1.54 ,1.75 ,1.50 ,3.25 ,1.45 ,0.00 ,1.00 ,0.60 ,1.13 
1.00 ,10.00 ,1.96 ,0.95 ,1.38 ,1.17 ,1.31 ,3.13 ,3.54 ,1.25 ,2.10 
2.00 ,9.00 ,3.38 ,1.47 ,1.56 ,1.96 ,1.40 ,1.04 ,3.13 ,1.15 ,1.47 
1.47 ,9.00 ,3.83 ,1.20 ,2.43 ,4.29 ,1.76 ,2.20 ,2.69 ,1.95 ,1.91 
2.00 ,10.00 ,1.58 ,0.50 ,0.13 ,1.00 ,0.96 ,0.00 ,1.17 ,0.20 ,0.13 
1.00 ,9.00 ,2.96 ,1.30 ,1.08 ,2.00 ,0.55 ,2.10 ,1.42 ,0.95 ,0.65 
2.00 ,9.00 ,3.25 ,1.80 ,1.80 ,6.00 ,1.10 ,0.00 ,1.83 ,1.40 ,0.60 
2.00 ,11.00 ,3.50 ,1.35 ,0.73 ,1.54 ,1.20 ,0.15 ,2.69 ,0.90 ,0.85 
1.00 ,10.00 ,3.94 ,1.65 ,1.85 ,4.00 ,1.00 ,0.00 ,1.75 ,1.00 ,1.26 
1.00 ,9.00 ,3.54 ,1.15 ,1.33 ,7.00 ,1.74 ,0.05 ,4.00 ,0.95 ,1.10 
1.00 ,10.00 ,4.56 ,1.26 ,1.70 ,1.42 ,1.41 ,1.78 ,3.25 ,2.70 ,2.10 
1.00 ,9.61 ,1.88 ,1.05 ,0.38 ,4.50 ,0.55 ,1.43 ,1.67 ,1.00 ,0.35 
1.00 ,9.00 ,2.08 ,0.65 ,0.10 ,2.17 ,0.90 ,0.20 ,1.83 ,0.90 ,0.73 
2.00 ,9.00 ,1.00 ,0.50 ,1.08 ,1.00 ,0.61 ,0.00 ,1.04 ,0.55 ,0.10 
1.09 ,10.18 ,4.43 ,1.29 ,1.34 ,3.83 ,1.15 ,0.30 ,2.83 ,0.75 ,0.25 
1.00 ,9.00 ,1.21 ,1.10 ,0.30 ,1.29 ,0.75 ,0.55 ,1.29 ,0.55 ,0.43 
2.00 ,9.00 ,1.71 ,1.20 ,0.33 ,1.04 ,0.90 ,0.08 ,1.00 ,0.25 ,0.00 
2.00 ,9.00 ,2.00 ,1.43 ,1.13 ,2.00 ,1.65 ,0.53 ,3.08 ,2.35 ,1.45 
2.00 ,9.00 ,3.61 ,2.40 ,1.13 ,7.00 ,1.80 ,2.55 ,2.96 ,1.30 ,0.53 
2.00 ,9.00 ,5.75 ,2.30 ,0.10 ,1.00 ,1.75 ,0.00 ,2.63 ,2.00 ,2.83 
2.00 ,9.44 ,2.31 ,1.00 ,0.10 ,4.00 ,1.09 ,0.03 ,1.50 ,1.20 ,0.35 
2.00 ,10.00 ,4.65 ,1.70 ,0.10 ,4.46 ,0.50 ,0.00 ,1.63 ,0.95 ,0.13 
2.00 ,10.10 ,1.50 ,0.80 ,0.60 ,1.00 ,1.05 ,0.00 ,1.33 ,0.40 ,0.15 
1.00 ,10.00 ,2.63 ,1.00 ,0.98 ,2.29 ,0.95 ,0.55 ,2.49 ,1.10 ,0.55 
1.00 ,9.00 ,1.17 ,0.60 ,0.20 ,1.33 ,0.55 ,0.65 ,1.33 ,0.40 ,0.50 
1.00 ,9.00 ,3.14 ,0.65 ,0.00 ,1.00 ,0.15 ,0.00 ,1.08 ,0.45 ,0.00 
1.00 ,9.00 ,4.01 ,0.70 ,0.38 ,1.00 ,1.50 ,2.18 ,1.13 ,0.90 ,0.35 
2.00 ,9.00 ,3.11 ,1.26 ,2.01 ,3.33 ,1.35 ,1.75 ,4.50 ,0.85 ,2.20 
2.00 ,11.00 ,4.45 ,1.70 ,0.72 ,5.50 ,2.05 ,0.13 ,3.37 ,1.25 ,1.03 
2.00 ,9.00 ,7.00 ,0.29 ,0.03 ,1.33 ,0.55 ,0.10 ,1.00 ,0.20 ,(0.18)
2.00 ,8.92 ,4.00 ,2.40 ,0.00 ,1.00 ,1.95 ,0.12 ,1.01 ,0.90 ,0.00 
1.00 ,9.00 ,3.71 ,1.53 ,1.78 ,3.71 ,1.59 ,1.47 ,1.00 ,0.70 ,0.00 
1.00 ,10.00 ,4.71 ,1.15 ,1.47 ,1.04 ,0.80 ,1.15 ,1.42 ,0.80 ,0.50 
1.00 ,9.00 ,1.79 ,1.25 ,0.35 ,2.08 ,1.00 ,0.03 ,1.29 ,0.25 ,0.00 
2.00 ,9.00 ,1.42 ,0.67 ,0.18 ,1.13 ,0.45 ,0.23 ,1.67 ,0.65 ,0.20 
1.00 ,10.82 ,5.00 ,0.80 ,0.00 ,1.92 ,0.45 ,0.25 ,2.13 ,0.60 ,0.80 
2.00 ,8.95 ,2.00 ,1.05 ,0.30 ,1.42 ,0.92 ,0.01 ,1.50 ,1.20 ,0.10 
1.00 ,9.00 ,4.00 ,1.35 ,2.23 ,3.83 ,2.00 ,1.00 ,1.25 ,0.45 ,0.00 
1.00 ,9.88 ,1.22 ,1.00 ,0.58 ,1.54 ,0.61 ,0.58 ,1.00 ,0.90 ,0.08 
2.00 ,9.00 ,2.83 ,1.10 ,0.53 ,4.04 ,1.35 ,1.50 ,1.38 ,0.85 ,1.00 
2.00 ,10.00 ,3.13 ,1.75 ,0.27 ,1.46 ,0.40 ,0.00 ,1.65 ,1.60 ,0.08 
1.00 ,9.00 ,1.33 ,0.55 ,0.68 ,1.33 ,0.35 ,0.28 ,1.50 ,0.90 ,0.65 
1.00 ,9.00 ,2.54 ,2.05 ,0.00 ,4.42 ,1.70 ,0.35 ,4.50 ,1.40 ,0.25 
2.00 ,9.00 ,1.79 ,1.05 ,0.08 ,2.46 ,1.00 ,1.68 ,1.96 ,0.40 ,1.00 
1.00 ,9.00 ,5.92 ,1.58 ,1.20 ,2.25 ,0.83 ,(0.55),0.94 ,0.50 ,0.05 
1.00 ,10.00 ,1.17 ,1.05 ,0.40 ,1.00 ,0.80 ,0.23 ,1.00 ,0.45 ,0.19 
1.00 ,9.00 ,1.50 ,2.20 ,0.15 ,1.00 ,0.50 ,0.18 ,1.00 ,0.80 ,0.00 
1.00 ,9.00 ,2.60 ,1.55 ,3.41 ,2.42 ,1.55 ,1.88 ,1.08 ,1.60 ,0.25 
1.00 ,9.00 ,1.00 ,1.20 ,0.30 ,2.50 ,0.68 ,0.50 ,1.00 ,0.75 ,(0.44)
2.00 ,10.00 ,1.96 ,0.80 ,0.48 ,1.50 ,0.95 ,1.13 ,1.36 ,0.75 ,0.40 
1.00 ,9.00 ,2.29 ,1.20 ,1.05 ,2.71 ,0.65 ,0.43 ,1.38 ,1.05 ,0.63 
2.00 ,11.00 ,1.67 ,0.00 ,0.40 ,2.33 ,0.35 ,0.13 ,1.00 ,0.35 ,0.23 
1.00 ,10.00 ,1.17 ,0.35 ,0.48 ,1.08 ,0.92 ,0.60 ,1.33 ,0.30 ,0.00 
2.00 ,10.00 ,4.04 ,1.95 ,0.78 ,3.00 ,1.60 ,0.00 ,1.75 ,0.45 ,0.00 
1.00 ,10.04 ,1.50 ,0.15 ,0.10 ,1.00 ,2.40 ,0.10 ,1.00 ,0.15 ,0.00 
1.00 ,9.00 ,1.99 ,1.95 ,0.30 ,5.04 ,1.50 ,2.95 ,4.38 ,1.20 ,1.21 
1.00 ,9.00 ,1.92 ,0.85 ,0.14 ,2.79 ,0.57 ,1.53 ,1.93 ,0.40 ,0.78 
2.00 ,9.00 ,1.13 ,1.45 ,0.85 ,3.88 ,1.46 ,1.56 ,2.75 ,1.05 ,1.60 
2.00 ,10.00 ,1.12 ,0.55 ,0.25 ,1.63 ,0.99 ,0.25 ,1.54 ,0.50 ,0.60 
1.00 ,9.00 ,2.96 ,1.10 ,0.48 ,4.58 ,1.33 ,1.66 ,3.83 ,1.10 ,0.88 
1.00 ,9.00 ,4.71 ,1.51 ,1.76 ,3.38 ,1.15 ,0.50 ,5.25 ,0.90 ,0.00 
1.00 ,10.00 ,3.42 ,1.46 ,1.43 ,3.96 ,1.22 ,1.45 ,2.29 ,0.90 ,1.35 
1.00 ,10.00 ,1.92 ,1.15 ,0.10 ,1.50 ,1.01 ,0.03 ,1.25 ,1.20 ,0.00 
2.00 ,10.00 ,1.96 ,1.00 ,0.18 ,1.83 ,1.10 ,0.10 ,1.75 ,0.15 ,0.03 
2.00 ,9.00 ,1.60 ,1.25 ,1.65 ,1.33 ,0.65 ,0.98 ,2.22 ,1.05 ,0.65 
2.00 ,10.00 ,1.33 ,0.85 ,0.78 ,1.00 ,0.85 ,0.18 ,1.50 ,1.14 ,1.08 
1.00 ,10.00 ,1.90 ,1.88 ,1.05 ,3.33 ,0.90 ,1.60 ,3.00 ,1.00 ,1.88 
1.00 ,9.00 ,2.29 ,1.35 ,0.50 ,1.00 ,0.65 ,0.00 ,1.25 ,0.20 ,0.03 
2.00 ,9.19 ,5.42 ,2.25 ,3.50 ,4.54 ,1.67 ,0.58 ,2.54 ,1.20 ,0.20 
2.00 ,11.00 ,3.00 ,1.85 ,2.00 ,2.42 ,1.85 ,2.28 ,2.54 ,2.25 ,3.65 
2.00 ,9.58 ,2.13 ,1.15 ,0.45 ,1.75 ,0.60 ,0.33 ,2.67 ,0.70 ,0.95 
1.00 ,9.00 ,1.75 ,1.55 ,1.48 ,1.50 ,1.80 ,1.15 ,1.17 ,1.40 ,1.13 
1.00 ,8.14 ,3.33 ,1.49 ,1.23 ,3.13 ,1.31 ,1.42 ,4.17 ,1.36 ,2.00 
1.00 ,9.04 ,5.82 ,2.40 ,4.00 ,6.58 ,2.40 ,4.00 ,3.70 ,1.60 ,1.38 
1.00 ,9.00 ,6.63 ,0.80 ,0.03 ,1.00 ,0.85 ,0.00 ,1.17 ,0.45 ,0.57 
2.00 ,9.81 ,4.10 ,0.75 ,1.58 ,4.67 ,1.20 ,0.70 ,1.00 ,0.45 ,0.20 
1.00 ,9.31 ,3.83 ,1.48 ,2.25 ,4.50 ,1.74 ,2.40 ,3.21 ,1.73 ,2.14 
2.00 ,9.14 ,4.96 ,1.50 ,2.03 ,3.54 ,1.75 ,1.33 ,1.92 ,0.80 ,0.73 
2.00 ,9.00 ,5.04 ,0.75 ,1.00 ,1.92 ,1.20 ,1.55 ,3.08 ,0.75 ,0.40 
2.00 ,9.38 ,3.09 ,1.15 ,1.38 ,2.71 ,1.30 ,1.18 ,5.83 ,0.50 ,0.05 
1.00 ,9.00 ,1.25 ,0.95 ,0.10 ,1.00 ,0.25 ,0.40 ,1.00 ,0.35 ,0.13 
2.00 ,7.00 ,2.54 ,1.56 ,1.13 ,5.17 ,1.55 ,2.35 ,1.00 ,1.25 ,0.30 
2.00 ,9.00 ,5.58 ,2.40 ,2.54 ,5.38 ,0.90 ,1.44 ,1.46 ,1.45 ,0.00 
2.00 ,10.19 ,4.29 ,0.50 ,0.33 ,4.13 ,2.05 ,0.50 ,1.25 ,0.60 ,0.20 
1.00 ,10.14 ,3.94 ,1.05 ,2.60 ,3.46 ,1.50 ,0.90 ,3.08 ,0.70 ,0.00 
2.00 ,9.00 ,4.00 ,1.40 ,0.83 ,3.46 ,1.35 ,1.86 ,3.42 ,0.90 ,1.68 
2.00 ,9.67 ,3.42 ,1.69 ,1.54 ,1.00 ,1.41 ,1.39 ,2.00 ,1.15 ,1.10 
1.00 ,9.00 ,3.11 ,2.40 ,0.18 ,3.50 ,0.60 ,0.53 ,2.00 ,0.20 ,0.40 
1.00 ,11.00 ,3.71 ,1.65 ,2.18 ,5.50 ,1.40 ,1.89 ,4.46 ,0.60 ,1.46 
1.00 ,10.00 ,5.08 ,1.55 ,2.35 ,1.00 ,1.51 ,0.28 ,1.00 ,0.65 ,(0.00)
1.00 ,9.65 ,5.89 ,1.80 ,4.00 ,6.08 ,1.95 ,1.50 ,3.92 ,0.70 ,0.98 
1.00 ,9.00 ,1.13 ,1.00 ,0.53 ,3.17 ,0.75 ,0.10 ,1.50 ,0.96 ,0.55 
1.00 ,8.43 ,3.48 ,1.89 ,2.04 ,3.00 ,1.45 ,2.00 ,2.25 ,1.90 ,1.53 
1.20 ,9.71 ,6.06 ,2.30 ,3.88 ,6.67 ,1.30 ,2.00 ,3.00 ,1.30 ,2.93 
2.00 ,10.00 ,5.88 ,1.50 ,0.13 ,1.75 ,0.43 ,0.05 ,1.00 ,0.45 ,0.05 
1.00 ,9.00 ,1.00 ,2.10 ,3.53 ,1.00 ,0.96 ,0.13 ,1.25 ,0.20 ,0.10 
2.00 ,9.00 ,3.08 ,1.45 ,0.23 ,3.08 ,1.20 ,1.63 ,1.79 ,0.45 ,0.03 
2.00 ,10.18 ,2.49 ,1.35 ,0.20 ,5.04 ,1.95 ,1.83 ,2.00 ,0.85 ,0.00 
1.00 ,9.12 ,4.77 ,1.30 ,2.05 ,1.96 ,1.50 ,0.88 ,2.04 ,0.85 ,0.45 
1.00 ,9.00 ,4.63 ,4.40 ,0.00 ,1.00 ,1.00 ,0.20 ,0.17 ,0.35 ,0.63 
1.00 ,8.00 ,4.38 ,1.35 ,2.11 ,4.96 ,1.65 ,2.85 ,2.79 ,0.50 ,1.90 
1.00 ,11.00 ,2.50 ,1.20 ,0.00 ,1.42 ,1.18 ,0.20 ,1.33 ,0.35 ,0.25 
1.00 ,9.14 ,3.50 ,1.50 ,1.48 ,3.50 ,1.28 ,1.00 ,1.25 ,0.75 ,0.00 
1.00 ,9.00 ,4.35 ,1.60 ,1.93 ,3.00 ,2.25 ,0.59 ,4.33 ,2.05 ,2.83 
2.00 ,10.00 ,4.13 ,1.65 ,1.75 ,3.79 ,1.85 ,1.10 ,4.83 ,1.50 ,1.63 
1.00 ,9.00 ,2.38 ,0.80 ,0.28 ,1.46 ,1.05 ,0.25 ,1.00 ,0.65 ,0.00 
1.00 ,10.00 ,1.25 ,0.80 ,0.13 ,2.00 ,0.35 ,1.78 ,1.00 ,0.90 ,0.03 
2.00 ,9.00 ,4.60 ,0.55 ,0.23 ,1.00 ,0.88 ,0.05 ,1.08 ,0.50 ,0.08 
1.00 ,8.00 ,2.00 ,0.45 ,0.48 ,1.75 ,0.12 ,0.00 ,1.00 ,0.05 ,0.10 
1.56 ,9.99 ,4.50 ,1.47 ,2.28 ,4.67 ,1.85 ,2.45 ,4.42 ,2.00 ,1.93 
1.00 ,9.38 ,6.33 ,2.00 ,2.98 ,4.00 ,1.10 ,2.00 ,4.00 ,1.60 ,0.80 
1.00 ,8.00 ,2.75 ,1.95 ,2.83 ,4.78 ,2.00 ,2.33 ,3.58 ,1.10 ,1.51 
1.00 ,9.00 ,2.00 ,1.45 ,0.10 ,4.00 ,0.90 ,1.95 ,3.04 ,1.40 ,(0.00)
1.00 ,9.00 ,2.44 ,1.80 ,1.70 ,3.13 ,1.45 ,1.35 ,3.38 ,1.27 ,1.45 
1.00 ,9.00 ,2.46 ,1.10 ,1.10 ,1.58 ,0.76 ,0.38 ,2.00 ,0.85 ,0.18 
1.00 ,9.00 ,5.42 ,1.89 ,2.65 ,4.50 ,1.65 ,2.35 ,1.26 ,0.95 ,0.25 
1.00 ,9.00 ,2.79 ,0.55 ,0.00 ,3.54 ,0.75 ,0.23 ,2.29 ,1.40 ,0.18 
1.00 ,9.00 ,2.75 ,1.20 ,0.00 ,3.00 ,1.20 ,0.00 ,1.75 ,1.70 ,0.00 
2.00 ,9.00 ,1.50 ,0.45 ,0.00 ,1.00 ,0.45 ,0.00 ,1.00 ,0.30 ,0.00 
1.00 ,10.27 ,5.45 ,2.35 ,0.30 ,4.25 ,0.67 ,0.00 ,1.75 ,1.05 ,0.08 
1.00 ,10.00 ,4.88 ,2.00 ,2.90 ,5.00 ,1.15 ,1.65 ,4.13 ,1.55 ,0.33 
1.00 ,9.00 ,2.46 ,0.85 ,0.40 ,3.29 ,1.20 ,0.80 ,3.21 ,0.95 ,1.38 
2.00 ,10.00 ,1.58 ,0.30 ,0.00 ,1.18 ,1.25 ,0.00 ,1.00 ,0.45 ,0.05 
1.00 ,9.00 ,4.50 ,1.25 ,2.00 ,3.50 ,1.01 ,0.75 ,1.29 ,0.60 ,0.28 
2.00 ,10.00 ,2.79 ,0.55 ,0.08 ,1.13 ,0.40 ,0.15 ,1.00 ,0.20 ,(0.18)
2.00 ,9.00 ,1.79 ,0.55 ,0.00 ,2.38 ,1.30 ,0.05 ,1.67 ,0.50 ,0.28 
2.00 ,9.00 ,2.66 ,1.65 ,2.40 ,3.86 ,1.85 ,1.39 ,4.00 ,1.10 ,1.08 
1.00 ,9.57 ,2.88 ,1.40 ,1.04 ,2.00 ,0.95 ,1.00 ,1.38 ,1.40 ,0.20 
1.00 ,9.64 ,4.38 ,1.30 ,2.37 ,3.58 ,1.35 ,2.03 ,4.42 ,1.15 ,1.03 
2.00 ,10.00 ,5.00 ,1.20 ,0.95 ,6.33 ,0.55 ,0.08 ,6.88 ,0.75 ,0.70 
1.00 ,10.46 ,2.42 ,1.15 ,1.23 ,2.21 ,1.00 ,0.65 ,2.17 ,0.90 ,0.03 
1.00 ,8.08 ,3.63 ,1.00 ,1.60 ,3.33 ,1.58 ,1.58 ,2.42 ,1.00 ,1.20 
1.00 ,9.00 ,1.46 ,1.00 ,0.23 ,2.67 ,2.05 ,3.20 ,1.21 ,1.12 ,2.98 
2.00 ,8.00 ,1.67 ,1.50 ,1.00 ,1.00 ,1.20 ,0.10 ,4.00 ,0.20 ,0.40 
1.33 ,9.03 ,3.79 ,1.20 ,1.72 ,4.15 ,1.45 ,1.69 ,3.83 ,1.80 ,2.05 
2.00 ,9.00 ,6.33 ,1.57 ,0.13 ,1.21 ,1.30 ,0.00 ,2.38 ,0.50 ,0.10 
1.00 ,9.00 ,2.42 ,0.85 ,0.00 ,1.08 ,0.30 ,0.00 ,0.99 ,0.20 ,0.23 
1.00 ,8.00 ,5.43 ,1.90 ,2.94 ,5.54 ,2.15 ,1.03 ,4.75 ,0.70 ,1.98 
2.00 ,9.00 ,1.46 ,1.30 ,0.25 ,1.17 ,1.05 ,0.55 ,1.50 ,1.60 ,1.00 
1.00 ,9.10 ,2.14 ,1.90 ,1.18 ,1.00 ,0.90 ,0.00 ,1.00 ,1.20 ,0.10 
1.00 ,9.00 ,2.17 ,1.15 ,0.68 ,2.08 ,0.85 ,1.00 ,3.42 ,1.24 ,2.00 
1.00 ,9.63 ,5.17 ,0.88 ,2.00 ,4.33 ,1.15 ,0.15 ,4.00 ,1.10 ,1.18 
2.00 ,9.00 ,2.00 ,0.45 ,0.10 ,1.00 ,2.40 ,0.40 ,1.00 ,0.35 ,0.05 
1.00 ,10.00 ,2.29 ,1.65 ,1.96 ,1.79 ,1.80 ,2.93 ,1.38 ,1.80 ,1.80 
1.00 ,11.12 ,3.64 ,1.45 ,1.53 ,4.50 ,1.20 ,0.00 ,3.44 ,0.55 ,0.62 
1.00 ,9.00 ,7.00 ,0.60 ,1.01 ,6.31 ,2.40 ,0.18 ,2.82 ,1.15 ,0.03 
1.00 ,9.00 ,3.29 ,1.15 ,0.38 ,1.00 ,1.15 ,0.28 ,2.00 ,0.35 ,0.03 
2.00 ,9.00 ,2.50 ,1.28 ,0.20 ,1.00 ,0.62 ,0.15 ,1.75 ,0.50 ,0.23 
1.00 ,9.00 ,3.24 ,1.60 ,2.05 ,4.79 ,1.46 ,1.58 ,5.83 ,1.67 ,1.08 
1.00 ,10.00 ,4.63 ,1.88 ,1.75 ,4.67 ,1.50 ,2.30 ,4.21 ,1.25 ,1.43 
1.00 ,8.82 ,2.63 ,1.95 ,2.52 ,1.50 ,0.75 ,0.30 ,3.00 ,0.42 ,0.00 
1.00 ,10.00 ,2.25 ,1.45 ,0.70 ,2.94 ,1.35 ,0.51 ,2.88 ,0.80 ,0.10 
1.00 ,9.00 ,4.92 ,0.90 ,0.59 ,2.04 ,1.20 ,0.80 ,1.92 ,0.40 ,0.65 
1.00 ,8.65 ,6.63 ,2.40 ,3.46 ,3.67 ,1.60 ,2.05 ,4.17 ,1.50 ,2.06 
2.00 ,9.82 ,4.60 ,1.47 ,2.33 ,5.36 ,2.05 ,2.68 ,4.33 ,1.50 ,1.90 
2.00 ,8.73 ,6.77 ,1.70 ,3.45 ,1.00 ,1.84 ,2.05 ,1.00 ,1.40 ,1.45 
1.00 ,10.00 ,6.43 ,1.70 ,1.75 ,3.96 ,2.10 ,1.08 ,3.75 ,1.40 ,1.50 
1.00 ,9.90 ,5.08 ,2.40 ,4.00 ,5.00 ,0.48 ,2.37 ,4.18 ,1.23 ,1.98 
2.00 ,8.00 ,4.42 ,1.12 ,0.25 ,1.08 ,0.95 ,0.85 ,2.08 ,0.45 ,0.58 
1.00 ,9.00 ,4.38 ,1.85 ,0.15 ,6.33 ,1.50 ,0.30 ,1.83 ,0.70 ,0.13 
1.00 ,9.00 ,1.46 ,1.15 ,1.10 ,1.33 ,0.40 ,0.30 ,5.43 ,0.80 ,0.90 
1.00 ,10.00 ,1.58 ,1.40 ,0.58 ,2.17 ,1.50 ,0.25 ,2.75 ,1.01 ,0.15 
1.00 ,9.00 ,1.00 ,2.40 ,0.00 ,7.00 ,2.40 ,0.00 ,5.26 ,1.50 ,3.63 
2.00 ,10.00 ,4.25 ,1.38 ,0.38 ,2.92 ,0.60 ,0.00 ,2.66 ,1.75 ,1.68 
1.00 ,7.00 ,4.63 ,1.75 ,0.10 ,3.25 ,1.20 ,1.20 ,3.71 ,1.85 ,1.18 
1.00 ,10.00 ,2.41 ,1.05 ,0.30 ,1.00 ,0.30 ,0.00 ,1.38 ,0.85 ,0.18 
1.00 ,10.00 ,5.50 ,2.40 ,4.00 ,6.00 ,1.80 ,2.33 ,4.42 ,1.13 ,1.85 
2.00 ,10.00 ,3.15 ,1.23 ,0.00 ,5.50 ,1.85 ,0.60 ,4.46 ,0.85 ,0.85 
1.00 ,8.92 ,4.38 ,1.90 ,0.20 ,5.67 ,0.95 ,0.48 ,2.13 ,1.20 ,0.73 
2.00 ,8.92 ,2.50 ,1.60 ,0.90 ,3.50 ,1.40 ,1.96 ,4.83 ,1.25 ,1.44 
2.00 ,9.00 ,1.50 ,0.80 ,0.86 ,1.38 ,1.10 ,0.38 ,1.00 ,0.85 ,0.58 
1.00 ,9.00 ,1.00 ,2.40 ,0.10 ,1.00 ,0.75 ,0.00 ,4.59 ,0.50 ,0.18 
1.00 ,10.00 ,1.88 ,1.75 ,2.76 ,5.54 ,1.40 ,1.13 ,1.04 ,0.80 ,0.03 
1.00 ,10.00 ,6.50 ,0.50 ,0.30 ,4.00 ,0.75 ,0.35 ,6.75 ,1.10 ,0.13 
2.00 ,9.00 ,1.00 ,0.45 ,2.73 ,4.96 ,0.99 ,2.28 ,4.75 ,1.45 ,2.68 
2.00 ,10.00 ,1.75 ,0.40 ,0.00 ,2.04 ,1.51 ,0.63 ,1.04 ,0.70 ,0.15 
1.00 ,10.00 ,2.75 ,1.75 ,0.10 ,3.67 ,1.20 ,2.20 ,1.00 ,1.55 ,0.00 
1.00 ,10.00 ,2.75 ,0.65 ,0.38 ,5.25 ,0.80 ,2.11 ,3.88 ,1.20 ,0.48 
1.00 ,10.00 ,2.06 ,1.44 ,0.70 ,6.17 ,1.55 ,3.43 ,2.95 ,1.50 ,0.15 
1.00 ,10.31 ,3.63 ,1.85 ,0.30 ,4.58 ,1.30 ,1.55 ,3.13 ,1.11 ,0.18 
2.00 ,9.00 ,1.37 ,0.95 ,0.10 ,1.46 ,0.50 ,0.38 ,1.21 ,0.70 ,0.13 
2.00 ,10.00 ,2.50 ,0.45 ,0.23 ,1.75 ,0.75 ,0.10 ,1.00 ,0.30 ,0.10 
2.00 ,9.00 ,1.67 ,1.40 ,0.05 ,1.75 ,1.05 ,0.40 ,1.92 ,0.60 ,0.20 
2.00 ,9.00 ,1.83 ,0.25 ,0.20 ,4.41 ,1.10 ,1.03 ,2.67 ,0.50 ,0.33 
1.00 ,9.00 ,1.92 ,0.40 ,0.00 ,1.93 ,0.40 ,0.05 ,1.83 ,0.30 ,0.08 
1.00 ,10.00 ,1.00 ,0.15 ,0.40 ,1.00 ,0.15 ,0.20 ,1.00 ,0.55 ,0.53 
1.00 ,9.00 ,2.54 ,0.35 ,0.53 ,1.67 ,0.90 ,0.35 ,1.08 ,0.80 ,0.45 
1.00 ,9.00 ,1.25 ,0.40 ,0.40 ,1.63 ,0.75 ,(0.15),1.00 ,0.30 ,0.00 
1.00 ,9.00 ,1.42 ,1.75 ,0.20 ,1.04 ,0.50 ,0.10 ,1.33 ,1.00 ,0.30 
1.00 ,9.00 ,1.93 ,0.38 ,0.10 ,1.00 ,0.15 ,0.00 ,1.00 ,0.05 ,0.00 
1.00 ,10.00 ,3.50 ,1.50 ,1.98 ,2.08 ,0.70 ,0.58 ,2.38 ,1.10 ,0.80 
1.00 ,9.00 ,1.00 ,0.95 ,0.00 ,1.67 ,2.40 ,0.00 ,4.08 ,1.40 ,0.00 
1.00 ,9.00 ,2.65 ,1.42 ,1.84 ,3.62 ,1.47 ,1.96 ,3.25 ,1.45 ,0.03 
2.00 ,9.00 ,3.33 ,1.40 ,1.09 ,4.92 ,1.20 ,1.08 ,4.75 ,1.80 ,0.88 
2.00 ,8.00 ,2.46 ,1.44 ,1.00 ,3.33 ,1.20 ,1.70 ,1.46 ,1.00 ,0.80 
1.00 ,10.00 ,1.46 ,1.55 ,0.00 ,4.50 ,1.35 ,2.50 ,4.17 ,0.30 ,0.00 
2.00 ,10.00 ,1.13 ,0.70 ,0.63 ,1.50 ,1.25 ,0.73 ,4.54 ,1.40 ,0.50 
2.00 ,9.00 ,1.54 ,1.25 ,2.05 ,3.70 ,1.23 ,1.98 ,1.00 ,1.00 ,0.23 
2.00 ,9.00 ,1.00 ,1.85 ,1.36 ,6.21 ,1.80 ,2.75 ,4.88 ,1.85 ,0.48 
1.00 ,9.77 ,3.33 ,1.40 ,1.75 ,4.13 ,1.30 ,2.10 ,4.25 ,1.50 ,2.05 
1.00 ,9.10 ,2.96 ,1.90 ,2.45 ,4.58 ,1.79 ,2.05 ,4.25 ,1.20 ,1.27 
1.00 ,10.00 ,2.17 ,1.07 ,1.55 ,6.14 ,1.95 ,1.55 ,5.00 ,0.95 ,1.00 
2.00 ,9.00 ,1.04 ,1.15 ,1.55 ,1.00 ,0.65 ,0.23 ,1.00 ,0.65 ,0.33 
1.00 ,10.00 ,1.00 ,1.35 ,0.10 ,1.00 ,2.30 ,1.83 ,1.00 ,0.58 ,0.00 
2.00 ,9.00 ,1.32 ,2.40 ,2.01 ,3.30 ,1.75 ,2.33 ,4.08 ,1.51 ,3.02 
1.00 ,9.00 ,2.62 ,2.40 ,0.10 ,3.94 ,1.00 ,1.65 ,1.13 ,0.80 ,0.28 
2.00 ,9.00 ,1.21 ,1.85 ,2.25 ,4.72 ,1.15 ,2.45 ,2.88 ,1.20 ,1.03 
1.00 ,10.00 ,4.06 ,1.20 ,2.03 ,6.74 ,1.23 ,2.03 ,4.21 ,1.30 ,1.86 
2.00 ,9.00 ,2.96 ,1.35 ,2.30 ,5.50 ,1.50 ,2.70 ,4.54 ,1.85 ,1.95 
1.00 ,9.08 ,1.00 ,1.00 ,0.23 ,1.00 ,1.39 ,2.35 ,3.83 ,0.65 ,1.74 
2.00 ,9.93 ,2.76 ,0.50 ,2.00 ,2.67 ,0.34 ,1.68 ,3.75 ,1.15 ,1.24 
1.00 ,9.00 ,1.54 ,0.75 ,0.50 ,1.75 ,0.75 ,0.38 ,1.67 ,0.90 ,0.38 
1.00 ,8.32 ,1.00 ,0.99 ,0.00 ,1.00 ,1.55 ,3.22 ,5.52 ,0.78 ,2.00 
1.00 ,10.00 ,1.42 ,1.80 ,0.35 ,4.13 ,1.51 ,1.93 ,4.83 ,1.45 ,0.10 
1.00 ,9.93 ,1.25 ,1.10 ,3.15 ,3.21 ,1.56 ,0.62 ,1.00 ,0.29 ,0.10 
2.00 ,10.00 ,2.21 ,0.90 ,0.00 ,1.75 ,0.60 ,0.10 ,1.50 ,0.10 ,0.00 
1.00 ,8.00 ,4.58 ,0.95 ,2.51 ,1.21 ,1.95 ,3.20 ,4.75 ,0.55 ,0.35 
1.00 ,10.00 ,4.25 ,1.00 ,0.00 ,3.25 ,0.70 ,1.50 ,3.71 ,0.85 ,0.85 
0.97 ,9.00 ,2.24 ,0.96 ,2.03 ,4.26 ,1.65 ,2.37 ,5.17 ,1.70 ,2.05 
1.00 ,7.00 ,2.13 ,1.05 ,1.98 ,2.79 ,1.19 ,2.28 ,1.46 ,1.20 ,0.53 
1.00 ,9.00 ,1.50 ,1.40 ,2.18 ,1.24 ,0.67 ,2.20 ,1.00 ,0.90 ,0.45 
1.00 ,9.00 ,2.25 ,1.55 ,1.80 ,4.04 ,1.60 ,1.83 ,3.71 ,1.43 ,1.67 
1.00 ,10.00 ,1.00 ,1.77 ,0.14 ,1.79 ,0.75 ,0.23 ,4.83 ,0.85 ,0.58 
1.00 ,9.00 ,1.21 ,0.30 ,1.61 ,1.00 ,0.45 ,2.73 ,1.00 ,0.45 ,0.15 
1.00 ,8.92 ,1.60 ,1.84 ,1.85 ,3.88 ,1.07 ,1.63 ,4.71 ,1.10 ,2.00 
1.00 ,9.00 ,1.00 ,1.20 ,3.20 ,4.37 ,1.24 ,0.48 ,3.75 ,1.65 ,0.10 
2.00 ,10.00 ,1.83 ,1.84 ,1.98 ,5.63 ,1.45 ,2.93 ,1.50 ,0.75 ,0.00 
2.00 ,9.00 ,2.96 ,1.05 ,2.38 ,3.08 ,1.35 ,1.30 ,3.75 ,1.00 ,1.25 
1.00 ,9.00 ,1.04 ,1.45 ,2.25 ,1.75 ,0.80 ,2.33 ,1.42 ,0.95 ,0.38 
1.79 ,8.73 ,1.25 ,1.65 ,1.53 ,3.71 ,1.80 ,1.95 ,3.75 ,1.90 ,2.13 
2.00 ,10.00 ,1.21 ,1.75 ,0.40 ,1.21 ,0.60 ,0.15 ,3.50 ,0.55 ,0.00 
1.00 ,10.00 ,4.13 ,1.30 ,2.00 ,3.88 ,2.09 ,2.33 ,4.37 ,1.30 ,2.05 
1.00 ,9.00 ,1.17 ,1.79 ,1.68 ,1.00 ,1.15 ,3.07 ,4.17 ,1.80 ,2.22 
2.00 ,9.00 ,1.04 ,0.75 ,0.10 ,1.29 ,0.30 ,0.10 ,1.75 ,0.90 ,0.40 
2.00 ,10.00 ,2.58 ,0.91 ,0.10 ,1.75 ,0.73 ,0.15 ,1.96 ,1.10 ,1.45 
1.00 ,9.00 ,6.17 ,1.50 ,2.35 ,4.47 ,1.22 ,2.09 ,3.79 ,1.40 ,1.85 
1.00 ,9.00 ,5.55 ,2.10 ,2.55 ,4.83 ,0.90 ,2.93 ,5.38 ,1.40 ,3.03 
1.00 ,9.20 ,2.56 ,1.70 ,2.55 ,4.33 ,1.15 ,0.58 ,3.63 ,1.30 ,1.78 
2.00 ,9.40 ,2.50 ,1.50 ,0.40 ,4.21 ,2.15 ,0.00 ,1.00 ,0.30 ,0.15 
1.00 ,10.39 ,3.63 ,1.50 ,1.65 ,5.96 ,1.64 ,1.93 ,3.67 ,1.52 ,1.13 
2.00 ,9.73 ,6.50 ,1.48 ,3.63 ,3.50 ,2.10 ,3.30 ,1.29 ,1.77 ,0.55 
1.00 ,9.00 ,6.21 ,1.95 ,4.00 ,3.79 ,2.00 ,2.53 ,4.88 ,1.35 ,1.81 
2.00 ,9.00 ,4.00 ,0.95 ,0.03 ,1.83 ,1.65 ,1.70 ,2.25 ,1.30 ,1.00 
1.00 ,9.00 ,5.92 ,1.90 ,3.10 ,6.42 ,2.10 ,0.00 ,1.00 ,0.45 ,0.23 
1.00 ,7.00 ,4.58 ,1.95 ,2.73 ,6.17 ,2.35 ,3.65 ,4.88 ,0.90 ,0.88 
1.17 ,9.22 ,4.00 ,1.37 ,1.00 ,2.33 ,1.45 ,4.00 ,1.25 ,0.85 ,0.18 
0.81 ,10.00 ,4.58 ,1.85 ,2.53 ,2.67 ,1.75 ,1.98 ,1.32 ,0.35 ,0.72 
2.00 ,9.00 ,7.00 ,1.39 ,1.78 ,1.00 ,0.75 ,0.00 ,1.00 ,0.35 ,0.18 
1.00 ,11.00 ,7.00 ,2.25 ,2.58 ,3.08 ,1.70 ,0.09 ,1.29 ,0.70 ,0.35 
2.00 ,9.03 ,5.00 ,2.05 ,3.28 ,5.71 ,1.60 ,3.73 ,4.41 ,1.30 ,2.33 
1.00 ,9.60 ,6.00 ,1.02 ,2.13 ,4.54 ,1.20 ,2.70 ,3.49 ,1.05 ,1.25 
1.00 ,10.00 ,3.99 ,1.54 ,0.13 ,5.71 ,2.40 ,4.00 ,3.63 ,0.55 ,0.60 
1.00 ,10.00 ,4.50 ,1.80 ,1.88 ,4.04 ,1.95 ,1.88 ,3.58 ,0.75 ,1.15 
1.00 ,9.00 ,4.33 ,1.37 ,2.18 ,1.33 ,0.60 ,0.00 ,3.63 ,1.05 ,1.43 
1.00 ,9.00 ,4.00 ,2.55 ,0.40 ,6.63 ,1.10 ,0.05 ,2.79 ,1.05 ,0.80 
1.40 ,8.79 ,1.08 ,2.40 ,3.18 ,3.88 ,2.28 ,3.07 ,1.17 ,0.55 ,0.08 
1.00 ,9.00 ,7.00 ,1.83 ,0.50 ,7.00 ,1.33 ,0.00 ,1.56 ,0.55 ,0.10 
1.00 ,10.00 ,1.83 ,1.85 ,0.05 ,3.50 ,1.20 ,2.20 ,3.42 ,0.45 ,0.18 
1.40 ,9.77 ,7.00 ,2.40 ,3.90 ,7.00 ,1.35 ,0.20 ,2.17 ,1.10 ,0.55 
2.00 ,9.00 ,7.00 ,1.80 ,3.43 ,2.88 ,1.78 ,2.14 ,1.00 ,0.55 ,1.18 
1.00 ,9.54 ,5.42 ,2.30 ,3.26 ,4.13 ,1.88 ,3.63 ,4.92 ,1.25 ,2.75 
2.00 ,7.97 ,6.96 ,2.30 ,3.25 ,4.46 ,2.25 ,2.85 ,5.50 ,1.00 ,1.28 
1.00 ,9.47 ,6.81 ,2.25 ,3.88 ,6.38 ,2.25 ,1.95 ,5.13 ,1.80 ,2.60 
2.00 ,9.62 ,4.46 ,1.50 ,0.50 ,2.58 ,1.05 ,1.50 ,1.21 ,1.30 ,0.48 
2.00 ,11.00 ,5.63 ,1.70 ,0.35 ,5.71 ,1.65 ,0.00 ,2.17 ,0.40 ,0.25 
2.00 ,9.26 ,4.00 ,1.51 ,0.33 ,6.50 ,1.60 ,1.38 ,3.71 ,0.80 ,0.00 
1.00 ,11.00 ,7.00 ,1.86 ,1.70 ,3.00 ,2.40 ,0.00 ,1.75 ,1.30 ,0.69 
2.00 ,10.00 ,3.26 ,1.20 ,2.08 ,4.00 ,1.50 ,2.35 ,1.83 ,1.05 ,0.50 
1.00 ,9.00 ,4.00 ,1.35 ,0.73 ,4.00 ,1.70 ,2.00 ,3.96 ,1.05 ,0.86 
2.00 ,9.00 ,0.96 ,0.61 ,3.00 ,1.50 ,0.65 ,0.10 ,1.00 ,0.47 ,1.43 
1.00 ,11.00 ,3.50 ,1.70 ,2.03 ,2.83 ,1.60 ,1.29 ,2.71 ,1.55 ,0.30 
1.00 ,11.00 ,4.50 ,1.58 ,0.00 ,3.71 ,2.40 ,4.00 ,1.58 ,1.00 ,0.60 
2.00 ,9.12 ,1.59 ,1.40 ,1.28 ,2.96 ,1.90 ,1.00 ,2.71 ,0.95 ,0.08 
1.00 ,10.00 ,7.00 ,2.25 ,3.90 ,5.00 ,1.35 ,2.91 ,1.00 ,0.60 ,0.60 
1.00 ,10.00 ,6.41 ,1.80 ,2.66 ,7.00 ,1.37 ,4.00 ,2.96 ,1.10 ,1.33 
1.00 ,8.67 ,4.73 ,1.69 ,2.38 ,4.00 ,1.68 ,0.80 ,1.58 ,1.00 ,0.00 
1.00 ,10.00 ,4.50 ,1.55 ,1.78 ,5.96 ,1.40 ,1.05 ,2.33 ,0.80 ,0.08 
1.00 ,8.58 ,5.34 ,2.15 ,1.00 ,6.67 ,2.35 ,3.47 ,2.75 ,1.20 ,1.20 
2.00 ,10.00 ,1.32 ,2.12 ,1.51 ,2.73 ,1.00 ,1.52 ,1.33 ,1.45 ,0.95 
1.00 ,9.36 ,4.42 ,1.30 ,2.00 ,7.00 ,1.53 ,2.08 ,6.21 ,1.35 ,0.00 
2.00 ,9.32 ,7.00 ,0.60 ,3.50 ,5.83 ,2.20 ,0.00 ,1.08 ,1.05 ,0.03 
1.03 ,8.62 ,4.67 ,1.55 ,3.10 ,4.63 ,1.55 ,3.23 ,4.92 ,1.50 ,2.55 
1.00 ,10.00 ,3.26 ,1.89 ,2.65 ,5.33 ,1.42 ,2.55 ,4.25 ,2.30 ,2.33 
2.00 ,9.00 ,5.04 ,1.20 ,0.88 ,5.32 ,2.11 ,2.03 ,3.49 ,1.65 ,0.83 
1.00 ,10.09 ,6.30 ,2.05 ,2.98 ,4.38 ,1.55 ,2.35 ,2.88 ,0.65 ,0.58 
1.00 ,9.00 ,6.71 ,1.95 ,4.00 ,5.50 ,1.35 ,3.35 ,3.35 ,1.30 ,1.86 
1.00 ,9.00 ,2.54 ,1.85 ,2.01 ,5.13 ,0.35 ,2.43 ,5.08 ,1.75 ,1.10 
1.00 ,9.00 ,5.34 ,1.20 ,4.00 ,4.50 ,1.00 ,1.90 ,3.54 ,0.95 ,2.18 
2.00 ,8.44 ,4.75 ,1.70 ,3.58 ,1.00 ,1.72 ,4.00 ,1.00 ,0.45 ,0.00 
2.00 ,10.11 ,5.16 ,1.50 ,2.05 ,7.00 ,1.96 ,1.45 ,4.25 ,2.10 ,0.00 
1.00 ,10.00 ,6.13 ,2.30 ,3.40 ,6.50 ,1.68 ,2.34 ,4.54 ,0.70 ,0.00 
1.00 ,11.00 ,2.12 ,1.72 ,1.90 ,4.00 ,2.11 ,2.00 ,2.67 ,2.65 ,1.43 
1.00 ,10.00 ,2.37 ,1.15 ,2.45 ,4.21 ,2.00 ,2.59 ,3.67 ,1.37 ,2.05 
1.00 ,8.49 ,3.92 ,1.38 ,1.92 ,4.41 ,1.80 ,3.09 ,2.04 ,0.45 ,0.70 
1.00 ,9.00 ,2.55 ,1.03 ,1.20 ,4.33 ,1.31 ,1.91 ,1.13 ,1.10 ,0.93 
1.00 ,9.00 ,3.17 ,1.91 ,2.03 ,7.00 ,1.78 ,2.05 ,4.21 ,0.85 ,1.60 
1.00 ,8.84 ,5.67 ,1.30 ,3.23 ,6.25 ,1.46 ,2.45 ,4.04 ,1.75 ,1.95 
1.00 ,10.36 ,3.50 ,1.42 ,2.88 ,3.60 ,1.38 ,2.03 ,4.67 ,2.00 ,2.10 
2.00 ,10.00 ,5.58 ,2.15 ,3.78 ,4.88 ,2.15 ,2.95 ,4.08 ,0.95 ,0.80 
2.00 ,9.00 ,4.45 ,0.90 ,0.65 ,6.50 ,1.30 ,0.00 ,5.42 ,1.90 ,3.03 
1.00 ,9.00 ,1.50 ,1.62 ,3.40 ,7.00 ,1.02 ,0.00 ,4.75 ,0.35 ,0.30 
1.00 ,10.00 ,4.92 ,1.95 ,2.73 ,6.79 ,2.41 ,2.86 ,4.21 ,1.93 ,2.60 
1.00 ,10.00 ,2.75 ,0.85 ,0.00 ,1.96 ,1.17 ,0.55 ,2.88 ,1.40 ,0.34 
1.00 ,11.00 ,4.42 ,1.23 ,1.48 ,6.58 ,1.10 ,2.30 ,2.58 ,1.85 ,0.38 
2.00 ,10.00 ,1.00 ,1.52 ,2.08 ,4.71 ,1.98 ,1.22 ,3.96 ,2.25 ,1.88 
2.00 ,9.00 ,2.38 ,1.18 ,2.13 ,4.30 ,2.40 ,3.50 ,4.10 ,1.48 ,0.80 
2.00 ,10.14 ,5.33 ,1.59 ,0.53 ,7.00 ,2.07 ,0.60 ,4.48 ,0.60 ,0.40 
1.00 ,9.90 ,5.03 ,1.64 ,1.76 ,4.67 ,1.66 ,1.99 ,1.54 ,1.85 ,0.45 
2.00 ,9.00 ,3.67 ,1.20 ,1.95 ,4.75 ,1.53 ,2.45 ,4.38 ,2.25 ,1.68 
2.00 ,9.51 ,4.71 ,2.00 ,1.95 ,3.50 ,1.46 ,1.60 ,1.00 ,1.52 ,1.10 
1.00 ,11.00 ,4.06 ,1.50 ,2.03 ,7.00 ,1.40 ,2.07 ,5.54 ,0.45 ,1.45 
2.00 ,10.00 ,4.89 ,1.35 ,1.38 ,3.57 ,1.47 ,0.60 ,2.29 ,0.95 ,0.30 
2.00 ,8.65 ,4.00 ,0.60 ,3.66 ,3.63 ,1.80 ,2.88 ,1.25 ,1.15 ,0.05 
2.00 ,10.00 ,5.92 ,2.29 ,3.73 ,5.88 ,2.27 ,1.71 ,1.25 ,0.90 ,2.00 
2.00 ,10.00 ,6.71 ,2.40 ,1.45 ,3.79 ,1.30 ,2.13 ,3.54 ,1.40 ,0.05 
2.00 ,9.00 ,2.62 ,1.55 ,1.75 ,4.88 ,2.15 ,2.65 ,3.25 ,1.65 ,0.40 
2.00 ,10.00 ,5.75 ,2.40 ,3.75 ,7.00 ,1.92 ,1.67 ,1.00 ,0.40 ,0.38 
2.00 ,9.00 ,2.64 ,1.23 ,1.35 ,2.08 ,1.53 ,0.82 ,1.48 ,1.15 ,0.62 
1.00 ,9.17 ,2.25 ,0.90 ,1.09 ,2.92 ,1.04 ,1.06 ,1.92 ,0.73 ,0.76 
1.00 ,9.18 ,2.71 ,1.80 ,2.55 ,3.25 ,1.26 ,0.53 ,2.91 ,1.20 ,1.31 
2.00 ,9.28 ,1.00 ,1.10 ,0.33 ,2.82 ,1.16 ,0.36 ,2.65 ,1.40 ,0.75 
1.00 ,10.00 ,5.42 ,1.03 ,1.21 ,3.22 ,1.28 ,0.13 ,3.30 ,1.00 ,1.18 
1.00 ,9.00 ,2.92 ,1.02 ,1.13 ,4.78 ,1.41 ,0.00 ,5.36 ,0.56 ,0.02 
1.00 ,10.00 ,1.75 ,1.55 ,0.05 ,3.13 ,1.31 ,0.72 ,2.31 ,1.07 ,0.62 
1.00 ,10.00 ,1.25 ,1.90 ,2.77 ,2.87 ,1.45 ,1.53 ,2.22 ,1.47 ,1.26 
1.00 ,9.00 ,1.70 ,1.60 ,1.48 ,3.21 ,1.27 ,0.97 ,3.29 ,1.21 ,0.99 
2.00 ,10.00 ,4.29 ,1.85 ,2.00 ,4.30 ,1.55 ,1.45 ,2.92 ,0.94 ,0.96 
1.00 ,8.47 ,3.00 ,1.80 ,1.00 ,4.72 ,0.91 ,1.77 ,4.04 ,0.90 ,1.55 
2.00 ,9.21 ,2.75 ,1.80 ,0.23 ,2.34 ,1.28 ,0.76 ,1.89 ,1.04 ,0.46 
2.00 ,11.00 ,4.63 ,1.70 ,2.50 ,4.10 ,1.22 ,0.68 ,2.55 ,0.66 ,0.93 
2.00 ,9.00 ,3.20 ,1.75 ,2.45 ,4.02 ,1.30 ,2.31 ,2.96 ,1.27 ,1.21 
2.00 ,9.00 ,4.17 ,1.64 ,1.53 ,4.12 ,1.64 ,1.30 ,2.65 ,1.18 ,1.10 
1.00 ,9.44 ,1.00 ,0.84 ,1.35 ,2.37 ,1.00 ,0.97 ,2.11 ,0.94 ,1.10 
2.00 ,9.00 ,5.00 ,1.99 ,1.84 ,2.64 ,1.84 ,0.24 ,1.45 ,1.37 ,1.43 
1.00 ,9.59 ,5.96 ,0.75 ,1.03 ,3.55 ,1.13 ,0.81 ,2.86 ,0.70 ,0.49 
2.00 ,9.35 ,6.50 ,1.79 ,1.73 ,3.46 ,1.45 ,1.58 ,2.88 ,1.07 ,0.82 
1.00 ,9.00 ,1.67 ,1.35 ,0.53 ,3.46 ,1.23 ,0.42 ,3.32 ,0.89 ,0.58 
2.00 ,10.00 ,3.63 ,2.05 ,1.92 ,1.45 ,1.20 ,1.10 ,0.91 ,1.71 ,1.20 
2.00 ,10.00 ,5.63 ,1.37 ,0.48 ,3.41 ,1.62 ,1.06 ,3.01 ,1.11 ,1.19 
2.00 ,10.00 ,1.25 ,1.35 ,0.63 ,1.54 ,1.32 ,1.04 ,1.17 ,1.15 ,0.33 
2.00 ,9.85 ,4.63 ,0.60 ,0.20 ,3.35 ,1.06 ,0.54 ,2.85 ,0.79 ,0.23 
1.00 ,9.33 ,1.00 ,1.26 ,0.74 ,2.88 ,0.94 ,0.84 ,2.83 ,0.81 ,0.81 
1.00 ,9.00 ,1.79 ,1.65 ,1.18 ,2.91 ,1.08 ,0.93 ,2.96 ,1.03 ,0.52 
1.00 ,11.00 ,3.38 ,1.65 ,0.10 ,2.66 ,0.91 ,0.80 ,1.23 ,0.71 ,0.58 
1.00 ,10.00 ,4.00 ,1.56 ,2.00 ,4.16 ,1.46 ,1.50 ,3.18 ,1.08 ,1.01 
1.00 ,10.62 ,3.88 ,0.76 ,1.77 ,5.53 ,1.44 ,2.81 ,5.25 ,1.35 ,2.55 
1.00 ,10.00 ,4.33 ,1.45 ,2.39 ,3.12 ,1.47 ,2.12 ,1.13 ,1.05 ,2.40 
2.00 ,10.00 ,5.42 ,1.92 ,3.23 ,4.69 ,1.45 ,1.83 ,3.18 ,1.18 ,1.10 
1.00 ,11.00 ,3.00 ,1.35 ,1.30 ,3.68 ,1.28 ,0.93 ,2.61 ,0.97 ,0.24 
2.00 ,10.00 ,2.21 ,0.45 ,0.64 ,0.15 ,0.71 ,(1.10),0.63 ,0.50 ,0.46 
2.00 ,9.00 ,2.38 ,1.00 ,1.05 ,2.76 ,1.29 ,1.14 ,2.38 ,1.02 ,0.95 
1.00 ,10.00 ,3.17 ,1.45 ,0.90 ,4.35 ,1.36 ,1.31 ,4.04 ,1.19 ,1.03 
2.00 ,10.00 ,1.42 ,2.00 ,0.80 ,1.33 ,1.40 ,1.51 ,1.25 ,1.75 ,1.00 
1.00 ,9.00 ,2.58 ,1.18 ,2.00 ,2.79 ,1.40 ,1.07 ,1.66 ,1.10 ,1.04 
1.00 ,9.00 ,1.33 ,1.25 ,1.10 ,2.62 ,1.07 ,1.27 ,2.58 ,0.99 ,0.84 
1.00 ,9.00 ,1.71 ,0.60 ,1.30 ,1.94 ,0.75 ,0.39 ,1.56 ,0.48 ,0.42 
2.00 ,10.00 ,5.21 ,1.84 ,1.18 ,3.52 ,1.41 ,0.91 ,2.09 ,1.03 ,0.90 
1.00 ,9.00 ,1.25 ,1.30 ,0.20 ,2.41 ,1.09 ,0.92 ,2.14 ,1.08 ,0.64 
1.00 ,10.00 ,4.63 ,1.50 ,0.15 ,3.48 ,1.45 ,0.82 ,2.61 ,0.81 ,0.70 
2.00 ,9.00 ,2.00 ,1.35 ,0.33 ,1.49 ,0.82 ,1.27 ,1.61 ,1.03 ,0.40 
1.00 ,10.00 ,2.96 ,0.80 ,0.95 ,4.07 ,0.89 ,0.65 ,2.28 ,0.66 ,0.20 
2.00 ,10.00 ,4.35 ,1.70 ,1.33 ,4.10 ,1.72 ,1.74 ,2.88 ,1.13 ,1.24 
1.00 ,10.00 ,3.79 ,1.75 ,1.75 ,4.84 ,1.38 ,1.77 ,4.23 ,0.96 ,1.30 
1.35 ,9.87 ,6.50 ,2.30 ,2.50 ,6.25 ,1.86 ,2.14 ,6.27 ,1.55 ,1.98 
2.00 ,10.00 ,4.42 ,1.95 ,2.15 ,4.31 ,1.79 ,1.01 ,3.58 ,1.29 ,1.16 
1.00 ,9.76 ,3.78 ,2.40 ,0.30 ,3.50 ,1.15 ,1.19 ,2.83 ,0.85 ,0.31 
1.00 ,10.00 ,2.00 ,1.01 ,0.08 ,5.34 ,1.49 ,0.04 ,5.00 ,0.70 ,0.35 
1.00 ,9.00 ,5.42 ,1.30 ,1.63 ,4.08 ,1.24 ,0.52 ,3.83 ,0.85 ,0.08 
1.00 ,10.30 ,6.50 ,0.60 ,0.20 ,4.43 ,1.14 ,1.95 ,4.16 ,1.60 ,0.88 
2.00 ,10.05 ,6.75 ,2.40 ,0.60 ,4.29 ,1.01 ,0.50 ,2.81 ,0.77 ,0.41 
1.34 ,11.00 ,3.86 ,1.41 ,1.63 ,4.01 ,1.35 ,1.45 ,2.68 ,0.97 ,1.05 
1.00 ,9.80 ,4.30 ,1.30 ,2.00 ,4.41 ,1.28 ,1.41 ,4.75 ,0.98 ,0.51 
1.00 ,8.87 ,4.63 ,2.15 ,1.76 ,2.47 ,0.99 ,1.59 ,1.88 ,1.70 ,2.61 
2.00 ,9.47 ,3.50 ,1.20 ,0.88 ,3.01 ,1.32 ,0.80 ,2.38 ,1.03 ,0.63 
